{"stats":{"minecraft:custom":{"minecraft:interact_with_smithing_table":1,"minecraft:mob_kills":22,"minecraft:inspect_hopper":1,"minecraft:interact_with_crafting_table":9,"minecraft:leave_game":8,"minecraft:time_since_death":158964,"minecraft:climb_one_cm":14432,"minecraft:sprint_one_cm":844281,"minecraft:walk_one_cm":1497230,"minecraft:damage_blocked_by_shield":648,"minecraft:drop":83,"minecraft:talked_to_villager":97,"minecraft:play_time":328109,"minecraft:deaths":11,"minecraft:sneak_time":7567,"minecraft:walk_under_water_one_cm":40201,"minecraft:jump":3338,"minecraft:interact_with_blast_furnace":1,"minecraft:walk_on_water_one_cm":23799,"minecraft:total_world_time":328109,"minecraft:interact_with_furnace":2,"minecraft:traded_with_villager":216,"minecraft:sleep_in_bed":9,"minecraft:time_since_rest":14137,"minecraft:damage_taken":5768,"minecraft:damage_dealt":4891,"minecraft:swim_one_cm":60431,"minecraft:fly_one_cm":321221,"minecraft:open_chest":67,"minecraft:crouch_one_cm":29700,"minecraft:fall_one_cm":96488,"minecraft:horse_one_cm":72710},"minecraft:mined":{"minecraft:dark_oak_planks":3,"minecraft:jungle_leaves":52,"minecraft:granite":26,"minecraft:grass_block":17,"minecraft:decorated_pot":1,"minecraft:jungle_planks":145,"minecraft:jungle_log":226,"minecraft:sandstone":231,"minecraft:iron_ore":9,"minecraft:andesite":35,"minecraft:vine":14,"minecraft:iron_bars":16,"minecraft:bamboo":1,"minecraft:stone":1325,"minecraft:acacia_leaves":9,"minecraft:glass_pane":7,"minecraft:torch":174,"minecraft:jungle_stairs":2,"minecraft:short_grass":5,"minecraft:melon":6,"minecraft:dead_bush":39,"minecraft:glass":7,"minecraft:copper_ore":20,"minecraft:cobblestone":43,"minecraft:lapis_ore":6,"minecraft:diorite":64,"minecraft:wall_torch":45,"minecraft:cactus":1,"minecraft:oak_log":5,"minecraft:coal_ore":45,"minecraft:gravel":11,"minecraft:sand":1444,"minecraft:dirt":27,"minecraft:cobweb":4,"minecraft:oak_leaves":8,"minecraft:fern":2},"minecraft:used":{"minecraft:iron_bars":144,"minecraft:decorated_pot":1,"minecraft:shield":9,"minecraft:iron_chestplate":16,"minecraft:torch":282,"minecraft:dirt":26,"minecraft:jungle_planks":649,"minecraft:chainmail_chestplate":4,"minecraft:diamond_helmet":7,"minecraft:jungle_sapling":7,"minecraft:iron_boots":6,"minecraft:iron_leggings":10,"minecraft:oak_planks":20,"minecraft:ender_pearl":1,"minecraft:sandstone":16,"minecraft:diamond_axe":436,"minecraft:green_bed":1,"minecraft:sand":357,"minecraft:terracotta":1,"minecraft:diamond_pickaxe":1840,"minecraft:diamond_shovel":1198,"minecraft:wind_charge":1,"minecraft:melon_slice":14,"minecraft:bread":70,"minecraft:jungle_stairs":170,"minecraft:diamond_sword":115,"minecraft:cobblestone":1830},"minecraft:picked_up":{"minecraft:iron_chestplate":11,"minecraft:diamond_sword":6,"minecraft:shield":3,"minecraft:wind_charge":1,"minecraft:string":6,"minecraft:raw_copper":86,"minecraft:iron_leggings":12,"minecraft:diamond_leggings":1,"minecraft:beef":2,"minecraft:jungle_sapling":7,"minecraft:melon_slice":27,"minecraft:sugar_cane":4,"minecraft:iron_boots":12,"minecraft:golden_helmet":2,"minecraft:stick":62,"minecraft:raw_iron":9,"minecraft:sandstone":209,"minecraft:torch":256,"minecraft:green_bed":1,"minecraft:diorite":128,"minecraft:diamond_chestplate":1,"minecraft:arrow":38,"minecraft:rotten_flesh":11,"minecraft:decorated_pot":1,"minecraft:jungle_stairs":2,"minecraft:diamond_boots":1,"minecraft:armadillo_scute":1,"minecraft:iron_bars":15,"minecraft:cobblestone":2064,"minecraft:jungle_log":225,"minecraft:andesite":140,"minecraft:birch_planks":6,"minecraft:flint":3,"minecraft:chainmail_chestplate":5,"minecraft:oak_log":5,"minecraft:lapis_lazuli":36,"minecraft:dirt":43,"minecraft:bone":7,"minecraft:apple":1,"minecraft:bow":1,"minecraft:iron_ingot":1028,"minecraft:diamond_helmet":8,"minecraft:bamboo":342,"minecraft:acacia_sapling":3,"minecraft:gravel":17,"minecraft:jungle_planks":144,"minecraft:sand":1886,"minecraft:diamond_shovel":1,"minecraft:diamond":24,"minecraft:diamond_axe":1,"minecraft:granite":26,"minecraft:emerald":66,"minecraft:bread":93,"minecraft:terracotta":1,"minecraft:coal":45,"minecraft:netherrack":4,"minecraft:diamond_pickaxe":4,"minecraft:ender_pearl":2},"minecraft:killed_by":{"minecraft:player":5,"minecraft:creeper":1,"minecraft:iron_golem":1,"minecraft:skeleton":1},"minecraft:crafted":{"minecraft:oak_planks":20,"minecraft:diamond_shovel":1,"minecraft:iron_bars":832,"minecraft:diamond_helmet":1,"minecraft:diamond_leggings":1,"minecraft:iron_boots":1,"minecraft:diamond_boots":1,"minecraft:jungle_stairs":172,"minecraft:diamond_sword":1,"minecraft:emerald":189,"minecraft:diamond_axe":1,"minecraft:bread":96,"minecraft:air":0,"minecraft:jungle_planks":900,"minecraft:iron_chestplate":1,"minecraft:diamond_pickaxe":1,"minecraft:shield":3,"minecraft:iron_leggings":1,"minecraft:torch":96,"minecraft:diamond_chestplate":1},"minecraft:killed":{"minecraft:spider":1,"minecraft:skeleton":3,"minecraft:husk":5,"minecraft:rabbit":1,"minecraft:zombie":9,"minecraft:cow":1,"minecraft:enderman":1},"minecraft:dropped":{"minecraft:bread":2,"minecraft:birch_planks":2,"minecraft:cobblestone":193,"minecraft:flint":3,"minecraft:dirt":6,"minecraft:diorite":64,"minecraft:torch":2,"minecraft:sand":686,"minecraft:string":6,"minecraft:bone":3,"minecraft:gravel":17,"minecraft:raw_copper":86,"minecraft:rotten_flesh":11,"minecraft:diamond_sword":4,"minecraft:diamond_pickaxe":3,"minecraft:andesite":105,"minecraft:acacia_sapling":3,"minecraft:bamboo":108,"minecraft:sandstone":131,"minecraft:netherrack":4}},"DataVersion":3953}