{"stats":{"minecraft:killed":{"minecraft:spider":1,"minecraft:shulker":3,"minecraft:phantom":2,"minecraft:skeleton":4,"minecraft:wolf":2,"minecraft:piglin":1,"minecraft:husk":2,"minecraft:zombie":4,"minecraft:enderman":4},"minecraft:mined":{"minecraft:nether_gold_ore":1,"minecraft:tuff":5,"minecraft:obsidian":10,"minecraft:granite":3,"minecraft:red_sand":1,"minecraft:acacia_log":13,"minecraft:decorated_pot":1,"minecraft:sandstone":43,"minecraft:tuff_bricks":13,"minecraft:spawner":1,"minecraft:hay_block":21,"minecraft:magma_block":3,"minecraft:fire":5,"minecraft:bookshelf":3,"minecraft:chorus_plant":1,"minecraft:stone":202,"minecraft:iron_block":17,"minecraft:ender_chest":1,"minecraft:birch_stairs":1,"minecraft:acacia_leaves":2,"minecraft:blackstone":24,"minecraft:orange_terracotta":7,"minecraft:purpur_stairs":1,"minecraft:smooth_sandstone":6,"minecraft:crafting_table":4,"minecraft:torch":10,"minecraft:light_gray_terracotta":3,"minecraft:short_grass":12,"minecraft:chest":4,"minecraft:dead_bush":82,"minecraft:copper_ore":2,"minecraft:purpur_pillar":2,"minecraft:cobblestone":6,"minecraft:diorite":5,"minecraft:iron_door":1,"minecraft:white_terracotta":3,"minecraft:lime_bed":2,"minecraft:birch_planks":17,"minecraft:redstone_torch":1,"minecraft:birch_log":13,"minecraft:wheat":36,"minecraft:magenta_bed":1,"minecraft:purpur_block":1,"minecraft:gravel":10,"minecraft:sand":3,"minecraft:dirt":11,"minecraft:cobweb":2,"minecraft:cracked_stone_bricks":2,"minecraft:terracotta":6,"minecraft:acacia_planks":2,"minecraft:stone_bricks":1,"minecraft:ancient_debris":12,"minecraft:netherrack":1988,"minecraft:mossy_stone_bricks":2,"minecraft:deepslate":67},"minecraft:used":{"minecraft:red_sand":1,"minecraft:flint_and_steel":9,"minecraft:chest":4,"minecraft:white_terracotta":5,"minecraft:shield":96,"minecraft:netherrack":677,"minecraft:torch":20,"minecraft:obsidian":9,"minecraft:wooden_axe":3,"minecraft:lava_bucket":59,"minecraft:bookshelf":3,"minecraft:iron_block":104,"minecraft:smooth_sandstone":1,"minecraft:iron_boots":3,"minecraft:bow":75,"minecraft:cobbled_deepslate":52,"minecraft:acacia_planks":5,"minecraft:orange_terracotta":7,"minecraft:wheat_seeds":36,"minecraft:water_bucket":236,"minecraft:diamond_boots":3,"minecraft:cobblestone_stairs":40,"minecraft:birch_planks":58,"minecraft:chorus_fruit":1,"minecraft:baked_potato":4,"minecraft:ender_pearl":11,"minecraft:sandstone":72,"minecraft:diamond_axe":118,"minecraft:purpur_pillar":2,"minecraft:cookie":70,"minecraft:rail":1,"minecraft:sand":33,"minecraft:purpur_stairs":1,"minecraft:terracotta":16,"minecraft:lime_bed":2,"minecraft:tnt":5,"minecraft:crafting_table":8,"minecraft:light_gray_terracotta":7,"minecraft:magenta_bed":1,"minecraft:redstone_torch":1,"minecraft:diamond_pickaxe":2458,"minecraft:apple":2,"minecraft:diamond_shovel":17,"minecraft:acacia_door":1,"minecraft:bread":101,"minecraft:cyan_bed":1,"minecraft:gravel":1,"minecraft:diamond_sword":124,"minecraft:cobblestone":177,"minecraft:cooked_porkchop":65,"minecraft:bucket":284,"minecraft:birch_stairs":13},"minecraft:crafted":{"minecraft:oak_planks":4,"minecraft:iron_nugget":1536,"minecraft:cobblestone_stairs":40,"minecraft:diamond_shovel":1,"minecraft:bookshelf":3,"minecraft:flint_and_steel":2,"minecraft:diamond_helmet":3,"minecraft:diamond_leggings":2,"minecraft:iron_boots":1,"minecraft:diamond_boots":2,"minecraft:wheat":153,"minecraft:cooked_porkchop":80,"minecraft:emerald":636,"minecraft:diamond_axe":3,"minecraft:crafting_table":4,"minecraft:iron_helmet":1,"minecraft:bucket":9,"minecraft:birch_planks":72,"minecraft:enchanted_book":6,"minecraft:bread":62,"minecraft:air":0,"minecraft:iron_chestplate":1,"minecraft:diamond_pickaxe":3,"minecraft:shield":3,"minecraft:iron_ingot":270,"minecraft:wooden_axe":1,"minecraft:iron_block":86,"minecraft:acacia_door":3,"minecraft:iron_leggings":2,"minecraft:acacia_planks":60,"minecraft:birch_stairs":12,"minecraft:diamond_chestplate":2},"minecraft:broken":{"minecraft:iron_leggings":1,"minecraft:leather_chestplate":1,"minecraft:shield":1},"minecraft:killed_by":{"minecraft:player":5,"minecraft:enderman":2},"minecraft:dropped":{"minecraft:enchanted_book":1,"minecraft:iron_ingot":78,"minecraft:birch_planks":1,"minecraft:wheat_seeds":60,"minecraft:diamond_axe":6,"minecraft:chorus_fruit":1,"minecraft:diamond_leggings":1,"minecraft:cobblestone":44,"minecraft:iron_helmet":1,"minecraft:granite":3,"minecraft:acacia_log":2,"minecraft:stick":3,"minecraft:dirt":14,"minecraft:diorite":5,"minecraft:ink_sac":2,"minecraft:wooden_axe":1,"minecraft:iron_leggings":2,"minecraft:gold_nugget":2,"minecraft:phantom_membrane":5,"minecraft:sand":57,"minecraft:acacia_door":4,"minecraft:string":4,"minecraft:smooth_sandstone":5,"minecraft:bucket":5,"minecraft:acacia_planks":4,"minecraft:bone":5,"minecraft:gravel":5,"minecraft:blackstone":21,"minecraft:raw_copper":5,"minecraft:cobbled_deepslate":41,"minecraft:tuff":5,"minecraft:rotten_flesh":10,"minecraft:iron_boots":1,"minecraft:name_tag":1,"minecraft:diamond_sword":2,"minecraft:potato":1,"minecraft:gunpowder":2,"minecraft:diamond_chestplate":2,"minecraft:iron_chestplate":2,"minecraft:hopper":1,"minecraft:chest":2,"minecraft:redstone_torch":2,"minecraft:diamond_boots":1,"minecraft:sandstone":87,"minecraft:bow":2,"minecraft:magma_block":3,"minecraft:netherrack":1154},"minecraft:custom":{"minecraft:interact_with_smithing_table":4,"minecraft:interact_with_anvil":2,"minecraft:mob_kills":26,"minecraft:interact_with_crafting_table":23,"minecraft:leave_game":7,"minecraft:time_since_death":15599,"minecraft:climb_one_cm":1080,"minecraft:sprint_one_cm":1119197,"minecraft:walk_one_cm":798687,"minecraft:damage_blocked_by_shield":5759,"minecraft:drop":108,"minecraft:talked_to_villager":111,"minecraft:play_time":327230,"minecraft:deaths":7,"minecraft:sneak_time":30922,"minecraft:walk_under_water_one_cm":173240,"minecraft:jump":8827,"minecraft:walk_on_water_one_cm":88942,"minecraft:total_world_time":327230,"minecraft:interact_with_furnace":1,"minecraft:traded_with_villager":677,"minecraft:interact_with_stonecutter":2,"minecraft:sleep_in_bed":6,"minecraft:time_since_rest":15622,"minecraft:waystone_activated":2,"minecraft:open_enderchest":4,"minecraft:damage_taken":13332,"minecraft:damage_dealt":9709,"minecraft:swim_one_cm":418478,"minecraft:fly_one_cm":1713602,"minecraft:player_kills":7,"minecraft:open_chest":211,"minecraft:crouch_one_cm":98738,"minecraft:fall_one_cm":305060},"minecraft:picked_up":{"minecraft:shulker_shell":1,"minecraft:crafting_table":4,"minecraft:iron_chestplate":1,"minecraft:wheat":36,"minecraft:diamond_sword":4,"minecraft:enchanted_book":3,"minecraft:purpur_block":1,"minecraft:shield":5,"minecraft:string":4,"minecraft:raw_copper":15,"minecraft:acacia_door":2,"minecraft:flint_and_steel":1,"minecraft:iron_leggings":3,"minecraft:blackstone":21,"minecraft:cracked_stone_bricks":4,"minecraft:diamond_leggings":3,"minecraft:red_sand":1,"minecraft:gold_nugget":2,"minecraft:cobbled_deepslate":85,"minecraft:bucket":15,"minecraft:eye_armor_trim_smithing_template":1,"minecraft:redstone_torch":3,"minecraft:poppy":128,"minecraft:chest":6,"minecraft:phantom_membrane":5,"minecraft:stick":174,"minecraft:sandstone":205,"minecraft:torch":18,"minecraft:acacia_log":13,"minecraft:purpur_pillar":2,"minecraft:cookie":4,"minecraft:diorite":18,"minecraft:arrow":82,"minecraft:rotten_flesh":10,"minecraft:diamond_chestplate":7,"minecraft:diamond_boots":6,"minecraft:hay_block":17,"minecraft:iron_block":49,"minecraft:white_terracotta":22,"minecraft:obsidian":17,"minecraft:rail":1,"minecraft:cobblestone":416,"minecraft:birch_log":18,"minecraft:magma_block":3,"minecraft:lime_bed":2,"minecraft:leather_chestplate":1,"minecraft:water_bucket":10,"minecraft:potato":1,"minecraft:birch_planks":15,"minecraft:ancient_debris":48,"minecraft:flint":1,"minecraft:tuff":15,"minecraft:purpur_stairs":1,"minecraft:oak_log":1,"minecraft:yellow_bed":1,"minecraft:magenta_bed":1,"minecraft:gunpowder":2,"minecraft:dirt":16,"minecraft:name_tag":2,"minecraft:orange_terracotta":7,"minecraft:smooth_sandstone":6,"minecraft:bone":20,"minecraft:acacia_planks":2,"minecraft:apple":4,"minecraft:bow":2,"minecraft:wheat_seeds":97,"minecraft:iron_ingot":580,"minecraft:diamond_helmet":3,"minecraft:book":12,"minecraft:cooked_porkchop":81,"minecraft:gravel":16,"minecraft:lava_bucket":25,"minecraft:birch_stairs":1,"minecraft:sand":32,"minecraft:ink_sac":2,"minecraft:white_bed":3,"minecraft:leather_helmet":1,"minecraft:light_gray_terracotta":7,"minecraft:diamond_shovel":1,"minecraft:slime_ball":62,"minecraft:granite":3,"minecraft:diamond_axe":10,"minecraft:bread":96,"minecraft:emerald":154,"minecraft:terracotta":44,"minecraft:netherrack":1795,"minecraft:chorus_fruit":2,"minecraft:hopper":1,"minecraft:ender_pearl":13,"minecraft:diamond_pickaxe":3}},"DataVersion":3953}