{"stats":{"minecraft:picked_up":{"minecraft:iron_chestplate":1,"minecraft:stick":33,"minecraft:crafting_table":3,"minecraft:cooked_porkchop":31,"minecraft:acacia_log":4,"minecraft:diamond_sword":1,"minecraft:sand":11,"minecraft:bone":2,"minecraft:iron_leggings":1,"minecraft:name_tag":1,"minecraft:arrow":66,"minecraft:rotten_flesh":4,"minecraft:diamond_chestplate":1,"minecraft:bow":1,"minecraft:red_sand":1,"minecraft:diamond_leggings":1,"minecraft:diamond_boots":1,"minecraft:iron_ingot":320,"minecraft:diamond_axe":1,"minecraft:poppy":64,"minecraft:phantom_membrane":3,"minecraft:cobblestone":6},"minecraft:killed":{"minecraft:skeleton":1,"minecraft:husk":2,"minecraft:zombie":3},"minecraft:mined":{"minecraft:crafting_table":3,"minecraft:red_sand":1,"minecraft:acacia_log":4,"minecraft:dead_bush":32},"minecraft:crafted":{"minecraft:diamond_leggings":1,"minecraft:diamond_helmet":1,"minecraft:emerald":288,"minecraft:iron_boots":1,"minecraft:iron_chestplate":1,"minecraft:diamond_pickaxe":1,"minecraft:shield":1,"minecraft:diamond_axe":2,"minecraft:crafting_table":1,"minecraft:iron_helmet":1,"minecraft:wooden_axe":1,"minecraft:diamond_boots":1,"minecraft:iron_leggings":1,"minecraft:acacia_planks":16,"minecraft:diamond_shovel":1,"minecraft:diamond_chestplate":1,"minecraft:air":0},"minecraft:custom":{"minecraft:time_since_rest":24978,"minecraft:interact_with_smithing_table":2,"minecraft:sprint_one_cm":146144,"minecraft:damage_taken":2226,"minecraft:walk_one_cm":117382,"minecraft:damage_blocked_by_shield":2426,"minecraft:mob_kills":6,"minecraft:drop":14,"minecraft:damage_dealt":2608,"minecraft:traded_with_villager":296,"minecraft:interact_with_crafting_table":4,"minecraft:player_kills":3,"minecraft:swim_one_cm":11802,"minecraft:talked_to_villager":36,"minecraft:fly_one_cm":282752,"minecraft:open_chest":14,"minecraft:crouch_one_cm":3917,"minecraft:play_time":41059,"minecraft:sneak_time":1545,"minecraft:walk_under_water_one_cm":20615,"minecraft:jump":1147,"minecraft:leave_game":1,"minecraft:time_since_death":41059,"minecraft:walk_on_water_one_cm":9149,"minecraft:sleep_in_bed":1,"minecraft:total_world_time":41059,"minecraft:fall_one_cm":38476},"minecraft:dropped":{"minecraft:diamond_chestplate":1,"minecraft:iron_chestplate":2,"minecraft:wooden_axe":1,"minecraft:diamond_boots":1,"minecraft:iron_helmet":1,"minecraft:diamond_leggings":1,"minecraft:iron_leggings":1,"minecraft:rotten_flesh":4,"minecraft:iron_boots":1,"minecraft:phantom_membrane":3,"minecraft:name_tag":1},"minecraft:used":{"minecraft:wooden_axe":3,"minecraft:red_sand":1,"minecraft:bread":3,"minecraft:shield":48,"minecraft:diamond_axe":6,"minecraft:sand":5,"minecraft:bow":2,"minecraft:diamond_sword":61,"minecraft:cobblestone":6,"minecraft:crafting_table":4,"minecraft:cooked_porkchop":24,"minecraft:acacia_planks":3}},"DataVersion":3953}