{"stats":{"minecraft:picked_up":{"minecraft:birch_log":5,"minecraft:crafting_table":3,"minecraft:iron_chestplate":1,"minecraft:diamond_sword":1,"minecraft:oak_log":1,"minecraft:gunpowder":1,"minecraft:name_tag":1,"minecraft:iron_leggings":1,"minecraft:smooth_sandstone":5,"minecraft:bone":2,"minecraft:bow":1,"minecraft:red_sand":1,"minecraft:diamond_leggings":1,"minecraft:iron_ingot":384,"minecraft:poppy":64,"minecraft:chest":2,"minecraft:phantom_membrane":4,"minecraft:stick":33,"minecraft:cooked_porkchop":31,"minecraft:torch":3,"minecraft:acacia_log":6,"minecraft:sand":12,"minecraft:rotten_flesh":4,"minecraft:arrow":66,"minecraft:diamond_chestplate":2,"minecraft:slime_ball":62,"minecraft:diamond_boots":1,"minecraft:diamond_axe":1,"minecraft:hopper":1,"minecraft:cobblestone":6},"minecraft:killed":{"minecraft:husk":2,"minecraft:phantom":1,"minecraft:skeleton":1,"minecraft:zombie":3,"minecraft:enderman":1},"minecraft:mined":{"minecraft:smooth_sandstone":5,"minecraft:crafting_table":3,"minecraft:red_sand":1,"minecraft:acacia_log":6,"minecraft:dead_bush":32},"minecraft:broken":{"minecraft:shield":1},"minecraft:crafted":{"minecraft:oak_planks":4,"minecraft:emerald":372,"minecraft:diamond_axe":2,"minecraft:crafting_table":2,"minecraft:iron_helmet":1,"minecraft:diamond_shovel":1,"minecraft:air":0,"minecraft:flint_and_steel":1,"minecraft:diamond_helmet":1,"minecraft:diamond_leggings":1,"minecraft:iron_boots":1,"minecraft:iron_chestplate":1,"minecraft:diamond_pickaxe":1,"minecraft:shield":2,"minecraft:wooden_axe":1,"minecraft:diamond_boots":1,"minecraft:iron_leggings":1,"minecraft:acacia_planks":24,"minecraft:diamond_chestplate":1},"minecraft:custom":{"minecraft:interact_with_smithing_table":2,"minecraft:mob_kills":8,"minecraft:traded_with_villager":380,"minecraft:interact_with_crafting_table":5,"minecraft:leave_game":2,"minecraft:time_since_death":52854,"minecraft:sleep_in_bed":1,"minecraft:climb_one_cm":12,"minecraft:time_since_rest":36773,"minecraft:sprint_one_cm":184111,"minecraft:damage_taken":2800,"minecraft:walk_one_cm":154916,"minecraft:damage_blocked_by_shield":2616,"minecraft:drop":17,"minecraft:damage_dealt":3675,"minecraft:swim_one_cm":17343,"minecraft:talked_to_villager":47,"minecraft:fly_one_cm":335734,"minecraft:player_kills":6,"minecraft:open_chest":25,"minecraft:crouch_one_cm":5184,"minecraft:play_time":52854,"minecraft:sneak_time":1853,"minecraft:walk_under_water_one_cm":23698,"minecraft:jump":1424,"minecraft:walk_on_water_one_cm":13183,"minecraft:total_world_time":52854,"minecraft:fall_one_cm":43916},"minecraft:used":{"minecraft:red_sand":1,"minecraft:flint_and_steel":9,"minecraft:shield":52,"minecraft:diamond_axe":14,"minecraft:sand":17,"minecraft:crafting_table":5,"minecraft:wooden_axe":3,"minecraft:diamond_pickaxe":5,"minecraft:diamond_shovel":1,"minecraft:bread":3,"minecraft:diamond_sword":72,"minecraft:cobblestone":6,"minecraft:bow":27,"minecraft:cooked_porkchop":31,"minecraft:acacia_planks":3},"minecraft:dropped":{"minecraft:iron_ingot":14,"minecraft:diamond_leggings":1,"minecraft:iron_helmet":1,"minecraft:rotten_flesh":4,"minecraft:iron_boots":1,"minecraft:name_tag":1,"minecraft:diamond_chestplate":2,"minecraft:iron_chestplate":2,"minecraft:wooden_axe":1,"minecraft:iron_leggings":1,"minecraft:sand":53,"minecraft:phantom_membrane":3,"minecraft:diamond_boots":1}},"DataVersion":3953}