{"stats":{"minecraft:picked_up":{"minecraft:stick":29,"minecraft:crafting_table":3,"minecraft:cooked_porkchop":31,"minecraft:diamond_sword":1,"minecraft:acacia_log":4,"minecraft:name_tag":1,"minecraft:rotten_flesh":1,"minecraft:diamond_chestplate":1,"minecraft:diamond_leggings":1,"minecraft:red_sand":1,"minecraft:diamond_boots":1,"minecraft:phantom_membrane":3},"minecraft:mined":{"minecraft:crafting_table":3,"minecraft:red_sand":1,"minecraft:acacia_log":4,"minecraft:dead_bush":32},"minecraft:crafted":{"minecraft:emerald":168,"minecraft:iron_boots":1,"minecraft:iron_chestplate":1,"minecraft:diamond_pickaxe":1,"minecraft:shield":1,"minecraft:diamond_axe":2,"minecraft:crafting_table":1,"minecraft:iron_helmet":1,"minecraft:wooden_axe":1,"minecraft:iron_leggings":1,"minecraft:acacia_planks":16,"minecraft:diamond_shovel":1,"minecraft:air":0},"minecraft:custom":{"minecraft:time_since_rest":13627,"minecraft:interact_with_smithing_table":2,"minecraft:sprint_one_cm":105855,"minecraft:damage_taken":1003,"minecraft:walk_one_cm":82595,"minecraft:damage_blocked_by_shield":300,"minecraft:drop":3,"minecraft:damage_dealt":670,"minecraft:traded_with_villager":172,"minecraft:player_kills":1,"minecraft:interact_with_crafting_table":4,"minecraft:swim_one_cm":11802,"minecraft:talked_to_villager":23,"minecraft:fly_one_cm":174981,"minecraft:open_chest":14,"minecraft:crouch_one_cm":1235,"minecraft:play_time":29708,"minecraft:sneak_time":567,"minecraft:walk_under_water_one_cm":20615,"minecraft:jump":725,"minecraft:leave_game":1,"minecraft:time_since_death":29708,"minecraft:walk_on_water_one_cm":9149,"minecraft:sleep_in_bed":1,"minecraft:total_world_time":29708,"minecraft:fall_one_cm":24406},"minecraft:dropped":{"minecraft:rotten_flesh":1,"minecraft:phantom_membrane":3,"minecraft:name_tag":1},"minecraft:used":{"minecraft:wooden_axe":3,"minecraft:red_sand":1,"minecraft:bread":3,"minecraft:shield":16,"minecraft:diamond_axe":6,"minecraft:diamond_sword":20,"minecraft:crafting_table":3,"minecraft:cooked_porkchop":9,"minecraft:acacia_planks":2}},"DataVersion":3953}