{"stats":{"minecraft:picked_up":{"minecraft:birch_log":5,"minecraft:crafting_table":3,"minecraft:iron_chestplate":1,"minecraft:leather_chestplate":1,"minecraft:wheat":36,"minecraft:diamond_sword":3,"minecraft:enchanted_book":1,"minecraft:oak_log":1,"minecraft:gunpowder":2,"minecraft:dirt":14,"minecraft:acacia_door":2,"minecraft:name_tag":1,"minecraft:iron_leggings":1,"minecraft:smooth_sandstone":5,"minecraft:bone":7,"minecraft:acacia_planks":2,"minecraft:wheat_seeds":96,"minecraft:bow":2,"minecraft:red_sand":1,"minecraft:diamond_leggings":1,"minecraft:iron_ingot":384,"minecraft:poppy":64,"minecraft:chest":2,"minecraft:phantom_membrane":4,"minecraft:book":9,"minecraft:stick":33,"minecraft:cooked_porkchop":31,"minecraft:torch":4,"minecraft:acacia_log":6,"minecraft:sand":13,"minecraft:leather_helmet":1,"minecraft:rotten_flesh":4,"minecraft:arrow":69,"minecraft:diamond_chestplate":2,"minecraft:slime_ball":62,"minecraft:diamond_boots":1,"minecraft:iron_block":2,"minecraft:diamond_axe":1,"minecraft:white_terracotta":1,"minecraft:hopper":1,"minecraft:cobblestone":17},"minecraft:killed":{"minecraft:husk":2,"minecraft:phantom":1,"minecraft:skeleton":2,"minecraft:zombie":3,"minecraft:enderman":1},"minecraft:mined":{"minecraft:smooth_sandstone":5,"minecraft:crafting_table":3,"minecraft:red_sand":1,"minecraft:acacia_log":6,"minecraft:dead_bush":32,"minecraft:tuff_bricks":13,"minecraft:fire":1,"minecraft:wheat":36,"minecraft:bookshelf":3,"minecraft:sand":1,"minecraft:dirt":11,"minecraft:stone":11,"minecraft:iron_block":2},"minecraft:broken":{"minecraft:shield":1},"minecraft:crafted":{"minecraft:oak_planks":4,"minecraft:emerald":372,"minecraft:diamond_axe":2,"minecraft:crafting_table":3,"minecraft:iron_helmet":1,"minecraft:bucket":1,"minecraft:diamond_shovel":1,"minecraft:birch_planks":20,"minecraft:bookshelf":3,"minecraft:enchanted_book":6,"minecraft:bread":12,"minecraft:air":0,"minecraft:flint_and_steel":1,"minecraft:diamond_helmet":1,"minecraft:diamond_leggings":1,"minecraft:iron_boots":1,"minecraft:iron_chestplate":1,"minecraft:diamond_pickaxe":1,"minecraft:shield":2,"minecraft:wooden_axe":1,"minecraft:iron_block":56,"minecraft:acacia_door":3,"minecraft:diamond_boots":1,"minecraft:iron_leggings":1,"minecraft:acacia_planks":40,"minecraft:diamond_chestplate":1},"minecraft:custom":{"minecraft:interact_with_smithing_table":2,"minecraft:interact_with_anvil":2,"minecraft:mob_kills":11,"minecraft:traded_with_villager":389,"minecraft:interact_with_crafting_table":10,"minecraft:leave_game":2,"minecraft:time_since_death":82854,"minecraft:sleep_in_bed":1,"minecraft:climb_one_cm":12,"minecraft:time_since_rest":66773,"minecraft:sprint_one_cm":304176,"minecraft:damage_taken":3295,"minecraft:walk_one_cm":228363,"minecraft:damage_blocked_by_shield":2766,"minecraft:drop":34,"minecraft:damage_dealt":4387,"minecraft:swim_one_cm":24537,"minecraft:talked_to_villager":68,"minecraft:fly_one_cm":479160,"minecraft:player_kills":6,"minecraft:open_chest":49,"minecraft:crouch_one_cm":11862,"minecraft:play_time":82854,"minecraft:sneak_time":4325,"minecraft:walk_under_water_one_cm":34900,"minecraft:jump":2068,"minecraft:walk_on_water_one_cm":16903,"minecraft:total_world_time":82854,"minecraft:fall_one_cm":60533},"minecraft:used":{"minecraft:wheat_seeds":36,"minecraft:water_bucket":3,"minecraft:red_sand":1,"minecraft:flint_and_steel":9,"minecraft:birch_planks":15,"minecraft:chest":2,"minecraft:shield":56,"minecraft:diamond_axe":18,"minecraft:cookie":8,"minecraft:sand":17,"minecraft:tnt":4,"minecraft:crafting_table":6,"minecraft:wooden_axe":3,"minecraft:diamond_pickaxe":32,"minecraft:acacia_door":1,"minecraft:bookshelf":3,"minecraft:diamond_shovel":12,"minecraft:iron_block":58,"minecraft:bread":15,"minecraft:diamond_sword":80,"minecraft:cobblestone":6,"minecraft:bow":67,"minecraft:cooked_porkchop":31,"minecraft:bucket":4,"minecraft:acacia_planks":3},"minecraft:dropped":{"minecraft:enchanted_book":1,"minecraft:iron_ingot":14,"minecraft:birch_planks":1,"minecraft:wheat_seeds":60,"minecraft:diamond_leggings":1,"minecraft:iron_helmet":1,"minecraft:rotten_flesh":4,"minecraft:iron_boots":1,"minecraft:name_tag":1,"minecraft:stick":1,"minecraft:diamond_sword":2,"minecraft:dirt":12,"minecraft:gunpowder":2,"minecraft:diamond_chestplate":2,"minecraft:iron_chestplate":2,"minecraft:wooden_axe":1,"minecraft:hopper":1,"minecraft:iron_leggings":1,"minecraft:sand":54,"minecraft:phantom_membrane":4,"minecraft:diamond_boots":1,"minecraft:acacia_door":4,"minecraft:smooth_sandstone":5,"minecraft:acacia_planks":4}},"DataVersion":3953}