{"stats":{"minecraft:picked_up":{"minecraft:crafting_table":1,"minecraft:stick":29,"minecraft:rotten_flesh":1,"minecraft:red_sand":1,"minecraft:acacia_log":3},"minecraft:mined":{"minecraft:red_sand":1,"minecraft:acacia_log":3,"minecraft:dead_bush":32,"minecraft:crafting_table":1},"minecraft:crafted":{"minecraft:iron_chestplate":1,"minecraft:acacia_planks":12,"minecraft:crafting_table":1,"minecraft:wooden_axe":1},"minecraft:custom":{"minecraft:open_chest":10,"minecraft:time_since_rest":1149,"minecraft:crouch_one_cm":317,"minecraft:play_time":17230,"minecraft:sprint_one_cm":64578,"minecraft:damage_taken":150,"minecraft:walk_one_cm":28634,"minecraft:sneak_time":232,"minecraft:walk_under_water_one_cm":5133,"minecraft:drop":1,"minecraft:jump":473,"minecraft:walk_on_water_one_cm":8242,"minecraft:time_since_death":17230,"minecraft:sleep_in_bed":1,"minecraft:total_world_time":17230,"minecraft:swim_one_cm":5339,"minecraft:interact_with_crafting_table":2,"minecraft:fall_one_cm":18997,"minecraft:fly_one_cm":125166},"minecraft:used":{"minecraft:wooden_axe":1,"minecraft:red_sand":1,"minecraft:crafting_table":1,"minecraft:bread":3,"minecraft:acacia_planks":2},"minecraft:dropped":{"minecraft:rotten_flesh":1}},"DataVersion":3953}