{"stats":{"minecraft:picked_up":{"minecraft:iron_chestplate":1,"minecraft:crafting_table":3,"minecraft:wheat":36,"minecraft:diamond_sword":4,"minecraft:enchanted_book":3,"minecraft:shield":1,"minecraft:acacia_door":2,"minecraft:flint_and_steel":1,"minecraft:iron_leggings":1,"minecraft:cracked_stone_bricks":4,"minecraft:diamond_leggings":2,"minecraft:red_sand":1,"minecraft:cobbled_deepslate":85,"minecraft:eye_armor_trim_smithing_template":1,"minecraft:poppy":128,"minecraft:chest":2,"minecraft:phantom_membrane":5,"minecraft:stick":58,"minecraft:torch":8,"minecraft:acacia_log":9,"minecraft:cookie":4,"minecraft:diorite":12,"minecraft:arrow":69,"minecraft:diamond_chestplate":3,"minecraft:rotten_flesh":6,"minecraft:diamond_boots":2,"minecraft:hay_block":17,"minecraft:iron_block":2,"minecraft:white_terracotta":22,"minecraft:obsidian":9,"minecraft:cobblestone":85,"minecraft:birch_log":5,"minecraft:leather_chestplate":1,"minecraft:potato":1,"minecraft:flint":1,"minecraft:tuff":15,"minecraft:oak_log":1,"minecraft:yellow_bed":1,"minecraft:magenta_bed":1,"minecraft:gunpowder":2,"minecraft:dirt":16,"minecraft:name_tag":2,"minecraft:orange_terracotta":7,"minecraft:smooth_sandstone":5,"minecraft:bone":14,"minecraft:acacia_planks":2,"minecraft:apple":4,"minecraft:bow":2,"minecraft:wheat_seeds":97,"minecraft:iron_ingot":388,"minecraft:diamond_helmet":1,"minecraft:book":12,"minecraft:cooked_porkchop":51,"minecraft:gravel":15,"minecraft:sand":16,"minecraft:white_bed":3,"minecraft:leather_helmet":1,"minecraft:light_gray_terracotta":7,"minecraft:diamond_shovel":1,"minecraft:slime_ball":62,"minecraft:diamond_axe":6,"minecraft:granite":3,"minecraft:emerald":26,"minecraft:bread":47,"minecraft:terracotta":44,"minecraft:chorus_fruit":2,"minecraft:hopper":1,"minecraft:ender_pearl":6,"minecraft:diamond_pickaxe":1},"minecraft:killed":{"minecraft:phantom":2,"minecraft:skeleton":2,"minecraft:wolf":2,"minecraft:husk":2,"minecraft:zombie":3,"minecraft:enderman":2},"minecraft:mined":{"minecraft:tuff":5,"minecraft:obsidian":10,"minecraft:granite":3,"minecraft:red_sand":1,"minecraft:acacia_log":9,"minecraft:tuff_bricks":13,"minecraft:spawner":1,"minecraft:hay_block":21,"minecraft:fire":1,"minecraft:bookshelf":3,"minecraft:chorus_plant":1,"minecraft:stone":27,"minecraft:iron_block":2,"minecraft:orange_terracotta":7,"minecraft:crafting_table":3,"minecraft:smooth_sandstone":5,"minecraft:torch":1,"minecraft:light_gray_terracotta":3,"minecraft:short_grass":12,"minecraft:dead_bush":55,"minecraft:diorite":4,"minecraft:iron_door":1,"minecraft:white_terracotta":3,"minecraft:wheat":36,"minecraft:magenta_bed":1,"minecraft:gravel":6,"minecraft:sand":3,"minecraft:dirt":11,"minecraft:cobweb":2,"minecraft:cracked_stone_bricks":2,"minecraft:terracotta":6,"minecraft:stone_bricks":1,"minecraft:mossy_stone_bricks":2,"minecraft:deepslate":67},"minecraft:broken":{"minecraft:leather_chestplate":1,"minecraft:shield":1},"minecraft:crafted":{"minecraft:oak_planks":4,"minecraft:diamond_shovel":1,"minecraft:bookshelf":3,"minecraft:flint_and_steel":2,"minecraft:diamond_helmet":1,"minecraft:diamond_leggings":1,"minecraft:iron_boots":1,"minecraft:diamond_boots":1,"minecraft:wheat":153,"minecraft:emerald":372,"minecraft:diamond_axe":2,"minecraft:crafting_table":4,"minecraft:iron_helmet":1,"minecraft:bucket":1,"minecraft:birch_planks":20,"minecraft:enchanted_book":6,"minecraft:bread":62,"minecraft:air":0,"minecraft:iron_chestplate":1,"minecraft:diamond_pickaxe":1,"minecraft:shield":2,"minecraft:wooden_axe":1,"minecraft:iron_block":56,"minecraft:acacia_door":3,"minecraft:iron_leggings":1,"minecraft:acacia_planks":52,"minecraft:diamond_chestplate":1},"minecraft:custom":{"minecraft:interact_with_smithing_table":2,"minecraft:mob_kills":15,"minecraft:interact_with_anvil":2,"minecraft:interact_with_crafting_table":11,"minecraft:leave_game":2,"minecraft:time_since_death":6140,"minecraft:climb_one_cm":238,"minecraft:sprint_one_cm":506920,"minecraft:walk_one_cm":317351,"minecraft:damage_blocked_by_shield":4071,"minecraft:drop":54,"minecraft:talked_to_villager":68,"minecraft:play_time":130854,"minecraft:deaths":2,"minecraft:sneak_time":5605,"minecraft:walk_under_water_one_cm":49302,"minecraft:jump":3717,"minecraft:walk_on_water_one_cm":25771,"minecraft:total_world_time":130854,"minecraft:interact_with_furnace":1,"minecraft:traded_with_villager":389,"minecraft:interact_with_stonecutter":2,"minecraft:sleep_in_bed":1,"minecraft:time_since_rest":6169,"minecraft:waystone_activated":1,"minecraft:damage_taken":5112,"minecraft:damage_dealt":5972,"minecraft:swim_one_cm":66258,"minecraft:fly_one_cm":845948,"minecraft:player_kills":6,"minecraft:open_chest":91,"minecraft:crouch_one_cm":16184,"minecraft:fall_one_cm":106578},"minecraft:killed_by":{"minecraft:player":1,"minecraft:enderman":1},"minecraft:used":{"minecraft:red_sand":1,"minecraft:flint_and_steel":9,"minecraft:chest":2,"minecraft:shield":76,"minecraft:white_terracotta":5,"minecraft:obsidian":9,"minecraft:wooden_axe":3,"minecraft:bookshelf":3,"minecraft:iron_block":58,"minecraft:bow":75,"minecraft:acacia_planks":3,"minecraft:cobbled_deepslate":24,"minecraft:orange_terracotta":7,"minecraft:wheat_seeds":36,"minecraft:water_bucket":55,"minecraft:birch_planks":15,"minecraft:chorus_fruit":1,"minecraft:ender_pearl":4,"minecraft:diamond_axe":25,"minecraft:cookie":70,"minecraft:sand":17,"minecraft:terracotta":16,"minecraft:tnt":5,"minecraft:crafting_table":7,"minecraft:magenta_bed":1,"minecraft:light_gray_terracotta":7,"minecraft:diamond_pickaxe":168,"minecraft:apple":2,"minecraft:diamond_shovel":17,"minecraft:acacia_door":1,"minecraft:bread":20,"minecraft:diamond_sword":98,"minecraft:cobblestone":10,"minecraft:cooked_porkchop":38,"minecraft:bucket":56},"minecraft:dropped":{"minecraft:enchanted_book":1,"minecraft:iron_ingot":14,"minecraft:birch_planks":1,"minecraft:wheat_seeds":60,"minecraft:diamond_axe":6,"minecraft:chorus_fruit":1,"minecraft:diamond_leggings":1,"minecraft:cobblestone":27,"minecraft:iron_helmet":1,"minecraft:granite":3,"minecraft:stick":1,"minecraft:dirt":14,"minecraft:diorite":4,"minecraft:wooden_axe":1,"minecraft:iron_leggings":1,"minecraft:phantom_membrane":5,"minecraft:sand":57,"minecraft:acacia_door":4,"minecraft:smooth_sandstone":5,"minecraft:acacia_planks":4,"minecraft:gravel":5,"minecraft:cobbled_deepslate":41,"minecraft:tuff":5,"minecraft:rotten_flesh":6,"minecraft:iron_boots":1,"minecraft:name_tag":1,"minecraft:diamond_sword":2,"minecraft:potato":1,"minecraft:gunpowder":2,"minecraft:diamond_chestplate":2,"minecraft:iron_chestplate":2,"minecraft:hopper":1,"minecraft:diamond_boots":1,"minecraft:bow":2}},"DataVersion":3953}