{"stats":{"minecraft:broken":{"minecraft:iron_hoe":2,"minecraft:iron_axe":4,"minecraft:iron_pickaxe":8,"minecraft:iron_helmet":1,"minecraft:diamond_boots":1,"minecraft:stone_axe":1},"minecraft:used":{"minecraft:waxed_oxidized_copper_door":1,"minecraft:tuff_bricks":528,"minecraft:chiseled_deepslate":11,"minecraft:cut_red_sandstone_slab":264,"minecraft:chiseled_tuff":194,"minecraft:dispenser":1,"minecraft:chest":108,"minecraft:stone":2,"minecraft:soul_sand":61,"minecraft:jungle_slab":99,"minecraft:acacia_sapling":23,"minecraft:deepslate_brick_slab":32,"minecraft:acacia_button":3,"minecraft:jungle_sapling":43,"minecraft:lava_bucket":10,"minecraft:netherite_shovel":9792,"minecraft:lime_banner":20,"minecraft:grass_block":59,"minecraft:birch_sapling":30,"minecraft:netherite_hoe":784,"minecraft:stone_brick_stairs":125,"minecraft:bow":657,"minecraft:ominous_bottle":2,"minecraft:furnace":39,"minecraft:oak_sapling":92,"minecraft:egg":5,"minecraft:potato":141,"minecraft:deepslate_brick_wall":1,"minecraft:diorite":15,"minecraft:powered_rail":11,"minecraft:stripped_birch_log":26,"minecraft:blackstone":184,"minecraft:acacia_trapdoor":2,"minecraft:cactus":89,"minecraft:wooden_pickaxe":4,"minecraft:composter":6,"minecraft:oak_leaves":54,"minecraft:golden_apple":16,"minecraft:sand":1540,"minecraft:blast_furnace":25,"minecraft:netherite_helmet":1,"minecraft:deepslate_tiles":229,"minecraft:red_sandstone":51,"minecraft:birch_slab":58,"minecraft:lectern":242,"minecraft:red_terracotta":381,"minecraft:cut_red_sandstone":2,"minecraft:chiseled_tuff_bricks":207,"minecraft:coal_block":30,"minecraft:diamond_sword":1063,"minecraft:fire_charge":14,"minecraft:smithing_table":42,"minecraft:birch_log":125,"minecraft:oak_boat":3,"minecraft:oak_trapdoor":4,"minecraft:iron_bars":52,"minecraft:enchanting_table":3,"minecraft:acacia_log":4,"minecraft:cooked_salmon":40,"minecraft:trial_key":1,"minecraft:netherrack":2497,"minecraft:sandstone_wall":7,"minecraft:torch":898,"minecraft:anvil":10,"minecraft:iron_block":15,"minecraft:iron_axe":1292,"minecraft:jungle_log":52,"minecraft:bamboo":9,"minecraft:diamond_chestplate":2,"minecraft:totem_of_undying":1,"minecraft:barrel":16,"minecraft:glowstone":328,"minecraft:basalt":258,"minecraft:cobbled_deepslate":400,"minecraft:acacia_planks":467,"minecraft:orange_terracotta":878,"minecraft:water_bucket":722,"minecraft:chiseled_bookshelf":2,"minecraft:sandstone_stairs":1,"minecraft:birch_planks":193,"minecraft:smooth_sandstone_slab":53,"minecraft:fletching_table":4,"minecraft:deepslate_bricks":272,"minecraft:polished_blackstone_bricks":24,"minecraft:vine":20,"minecraft:rail":277,"minecraft:tnt":11,"minecraft:crafting_table":72,"minecraft:oak_slab":287,"minecraft:white_bed":10,"minecraft:campfire":46,"minecraft:cake":1,"minecraft:deepslate_tile_wall":103,"minecraft:oak_log":343,"minecraft:ender_eye":23,"minecraft:diamond_pickaxe":17453,"minecraft:ominous_trial_key":5,"minecraft:acacia_sign":6,"minecraft:diamond_shovel":3259,"minecraft:wind_charge":81,"minecraft:iron_pickaxe":2669,"minecraft:enchanted_book":2,"minecraft:cobblestone":1192,"minecraft:potion":9,"minecraft:cooked_porkchop":387,"minecraft:sandstone_slab":507,"minecraft:glass_pane":82,"minecraft:stripped_oak_log":6,"minecraft:jukebox":1,"minecraft:diamond_leggings":1,"minecraft:red_sand":45,"minecraft:iron_shovel":803,"minecraft:polished_deepslate":173,"minecraft:diamond_hoe":182,"minecraft:decorated_pot":20,"minecraft:shield":76,"minecraft:white_terracotta":209,"minecraft:iron_sword":176,"minecraft:bell":1,"minecraft:iron_chestplate":2,"waystones:end_stone_waystone":1,"minecraft:jungle_planks":1101,"minecraft:nether_bricks":1,"minecraft:deepslate_tile_slab":111,"minecraft:tuff":36,"minecraft:obsidian":12,"minecraft:glass":401,"minecraft:lantern":59,"minecraft:iron_helmet":1,"minecraft:stone_bricks":761,"minecraft:magma_block":2,"minecraft:dark_oak_sapling":2,"minecraft:diamond_boots":3,"minecraft:wither_skeleton_skull":6,"minecraft:stone_pickaxe":120,"minecraft:oak_planks":853,"minecraft:jungle_fence":2,"minecraft:ender_pearl":104,"minecraft:sandstone":114,"minecraft:sugar_cane":995,"minecraft:diamond_axe":1457,"minecraft:white_wool":1,"minecraft:polished_tuff_stairs":111,"minecraft:yellow_terracotta":268,"minecraft:netherite_leggings":1,"minecraft:light_gray_terracotta":132,"minecraft:crossbow":87,"minecraft:dripstone_block":1,"minecraft:end_stone":460,"minecraft:shears":83,"minecraft:redstone_torch":10,"waystones:waystone":1,"minecraft:lever":3,"minecraft:bread":112,"minecraft:gravel":5,"minecraft:jungle_sign":4,"minecraft:grindstone":13,"minecraft:andesite":5,"minecraft:bone_meal":303,"minecraft:cobweb":5,"minecraft:oak_fence":50,"minecraft:netherite_sword":882,"minecraft:trident":386,"minecraft:flint_and_steel":189,"minecraft:stone_shovel":9,"minecraft:redstone":22,"minecraft:ender_chest":2,"minecraft:oak_door":7,"minecraft:dirt":1858,"minecraft:white_carpet":17,"minecraft:hopper":24,"minecraft:shulker_box":20,"minecraft:granite":5,"minecraft:brown_terracotta":58,"minecraft:birch_door":5,"minecraft:iron_hoe":502,"minecraft:dark_oak_planks":1,"minecraft:bookshelf":69,"minecraft:oak_stairs":165,"minecraft:smooth_sandstone":103,"minecraft:iron_boots":3,"minecraft:golden_carrot":115,"minecraft:deepslate_tile_stairs":71,"minecraft:netherite_pickaxe":28543,"minecraft:cooked_beef":70,"minecraft:iron_leggings":1,"minecraft:cooked_mutton":4,"minecraft:acacia_boat":1,"minecraft:netherite_chestplate":1,"minecraft:cut_sandstone":11,"minecraft:stonecutter":4,"minecraft:green_bed":4,"minecraft:cobblestone_slab":152,"minecraft:waxed_copper_block":2,"minecraft:terracotta":1218,"minecraft:book":2,"minecraft:smoker":28,"minecraft:polished_tuff_slab":90,"minecraft:flower_pot":2,"minecraft:acacia_stairs":42,"minecraft:cracked_polished_blackstone_bricks":13,"minecraft:map":3,"minecraft:netherite_axe":1475,"minecraft:tuff_brick_slab":84,"minecraft:stone_axe":96,"minecraft:white_banner":2,"minecraft:jungle_door":4,"minecraft:bucket":734,"minecraft:splash_potion":6,"minecraft:smooth_stone":12,"minecraft:birch_stairs":22},"minecraft:killed":{"minecraft:cave_spider":3,"minecraft:shulker":23,"minecraft:skeleton":208,"minecraft:chicken":5,"minecraft:magma_cube":19,"minecraft:salmon":61,"minecraft:iron_golem":3,"minecraft:ender_dragon":1,"minecraft:pillager":25,"minecraft:zombie":99,"minecraft:cow":50,"minecraft:evoker":6,"minecraft:endermite":3,"minecraft:vindicator":21,"minecraft:husk":42,"minecraft:rabbit":2,"minecraft:ravager":3,"minecraft:breeze":13,"minecraft:enderman":77,"minecraft:zombified_piglin":1,"minecraft:witch":6,"minecraft:spider":45,"minecraft:wither":1,"minecraft:silverfish":3,"minecraft:piglin_brute":18,"minecraft:piglin":53,"minecraft:pig":18,"minecraft:zombie_villager":3,"minecraft:creeper":45,"minecraft:sheep":35,"minecraft:trader_llama":3,"minecraft:ghast":7,"minecraft:stray":58,"minecraft:blaze":30,"minecraft:vex":14,"minecraft:armadillo":2,"minecraft:slime":152,"minecraft:phantom":57,"minecraft:drowned":14,"minecraft:hoglin":4,"minecraft:wither_skeleton":52,"minecraft:villager":2},"minecraft:dropped":{"minecraft:iron_sword":1,"minecraft:porkchop":10,"minecraft:lapis_lazuli":113,"minecraft:cooked_beef":54,"minecraft:glass_bottle":11,"minecraft:diamond":17,"minecraft:cooked_porkchop":50,"minecraft:crossbow":5,"minecraft:cookie":1,"minecraft:warped_roots":6,"minecraft:rail":88,"minecraft:red_mushroom":1,"minecraft:emerald":133,"minecraft:dirt":1070,"minecraft:jungle_sapling":3,"minecraft:gold_nugget":16,"minecraft:bone_meal":193,"minecraft:phantom_membrane":6,"minecraft:sand":524,"minecraft:sugar":3,"minecraft:iron_pickaxe":4,"minecraft:birch_stairs":5,"minecraft:white_wool":1,"minecraft:bone":324,"minecraft:stone_axe":64,"minecraft:emerald_block":1,"minecraft:sugar_cane":16,"minecraft:iron_nugget":105,"minecraft:cooked_chicken":3,"minecraft:cobbled_deepslate":327,"minecraft:nether_brick":126,"minecraft:birch_sapling":5,"minecraft:wheat":192,"minecraft:rotten_flesh":101,"minecraft:oak_planks":174,"minecraft:glowstone_dust":4,"minecraft:nether_brick_fence":6,"minecraft:white_bed":1,"minecraft:waxed_copper_block":3,"minecraft:salmon":1,"minecraft:tipped_arrow":58,"minecraft:quartz_block":104,"minecraft:acacia_sapling":6,"minecraft:glass":194,"minecraft:beef":1,"minecraft:egg":1,"minecraft:enchanted_book":8,"minecraft:golden_boots":2,"minecraft:iron_ingot":956,"minecraft:wheat_seeds":50,"minecraft:clock":3,"minecraft:dripstone_block":3,"minecraft:cobblestone":698,"minecraft:iron_helmet":1,"minecraft:feather":4,"minecraft:book":14,"minecraft:granite":86,"minecraft:deepslate_tile_slab":1,"minecraft:coal":55,"minecraft:golden_apple":1,"minecraft:cobweb":1,"minecraft:gray_wool":2,"minecraft:ink_sac":10,"minecraft:rabbit":1,"minecraft:diamond_helmet":2,"minecraft:potion":7,"minecraft:dead_bush":1,"minecraft:brown_terracotta":7,"minecraft:oak_stairs":20,"minecraft:armadillo_scute":3,"minecraft:smooth_sandstone_slab":1,"minecraft:smooth_stone":9,"minecraft:iron_shovel":3,"minecraft:chainmail_leggings":1,"minecraft:paper":7265,"minecraft:string":116,"minecraft:smooth_sandstone":21,"minecraft:acacia_planks":8,"minecraft:moss_carpet":6,"minecraft:soul_soil":39,"minecraft:netherite_ingot":2,"minecraft:stone_sword":6,"minecraft:diamond_hoe":2,"minecraft:stone_shovel":112,"minecraft:chicken":6,"minecraft:iron_boots":5,"minecraft:stone_slab":5,"minecraft:name_tag":1,"minecraft:white_terracotta":5,"minecraft:diamond_sword":3,"minecraft:potato":70,"minecraft:cobblestone_slab":65,"minecraft:stone":1,"minecraft:flower_pot":1,"minecraft:sea_pickle":2,"minecraft:diamond_pickaxe":3,"minecraft:redstone_torch":2,"minecraft:spider_eye":2,"minecraft:bamboo":51,"minecraft:sandstone":134,"minecraft:rabbit_stew":20,"minecraft:bow":8,"minecraft:red_sand":14,"waystones:waystone":1,"minecraft:magma_block":15,"minecraft:terracotta":21,"minecraft:acacia_boat":1,"minecraft:soul_sand":79,"minecraft:moss_block":13,"minecraft:birch_planks":3,"minecraft:diamond_axe":1,"minecraft:warped_fungus":1,"minecraft:oak_log":56,"minecraft:baked_potato":16,"minecraft:decorated_pot":1,"minecraft:netherite_upgrade_smithing_template":2,"minecraft:lantern":12,"minecraft:leather":2,"minecraft:jungle_planks":12,"minecraft:flint":56,"minecraft:cobblestone_stairs":1,"minecraft:cracked_polished_blackstone_bricks":49,"minecraft:waxed_oxidized_chiseled_copper":1,"minecraft:polished_blackstone_brick_stairs":1,"minecraft:crimson_roots":2,"minecraft:cut_sandstone":4,"minecraft:amethyst_shard":30,"minecraft:acacia_door":2,"minecraft:gold_ingot":585,"minecraft:gravel":505,"minecraft:chiseled_polished_blackstone":18,"minecraft:blackstone":345,"minecraft:smooth_sandstone_stairs":8,"minecraft:pointed_dripstone":1,"minecraft:cooked_mutton":1,"minecraft:honey_bottle":1,"minecraft:acacia_stairs":12,"minecraft:birch_fence_gate":9,"minecraft:chainmail_chestplate":14,"minecraft:sandstone_wall":4,"minecraft:poppy":3716,"minecraft:rabbit_hide":1,"minecraft:leather_chestplate":1,"minecraft:gunpowder":21,"minecraft:melon_seeds":3,"minecraft:chainmail_boots":27,"minecraft:blackstone_slab":1,"minecraft:iron_bars":3,"minecraft:arrow":323,"minecraft:powered_rail":3,"minecraft:quartz":893,"minecraft:oak_leaves":1,"minecraft:netherrack":5445,"minecraft:water_bucket":1,"minecraft:stone_hoe":30,"minecraft:bread":199,"minecraft:oak_slab":1,"minecraft:golden_helmet":1,"minecraft:lilac":1,"minecraft:smithing_table":3,"minecraft:minecart":3,"minecraft:diamond_leggings":2,"minecraft:golden_axe":1,"minecraft:spectral_arrow":128,"minecraft:copper_ingot":2,"minecraft:acacia_log":2,"minecraft:flow_armor_trim_smithing_template":1,"minecraft:stick":143,"minecraft:iron_block":3,"minecraft:diorite":41,"minecraft:torch":423,"minecraft:green_dye":3132,"minecraft:melon_slice":8,"minecraft:brown_wool":1,"minecraft:waxed_copper_bulb":1,"minecraft:fire_charge":2,"minecraft:iron_leggings":4,"minecraft:jungle_leaves":1,"minecraft:iron_axe":24,"minecraft:cactus":25,"minecraft:bucket":3,"minecraft:dandelion":1,"minecraft:redstone":19,"minecraft:anvil":1,"minecraft:warped_nylium":6,"minecraft:raw_copper":64,"minecraft:light_gray_terracotta":2,"minecraft:tuff":34,"minecraft:raw_iron":16,"minecraft:light_gray_wool":2,"minecraft:totem_of_undying":1,"minecraft:acacia_leaves":30,"minecraft:shulker_box":4,"minecraft:glass_pane":835,"minecraft:red_terracotta":8,"minecraft:flint_and_steel":1,"minecraft:deepslate_bricks":10,"minecraft:filled_map":3,"minecraft:shield":25,"minecraft:diamond_chestplate":5,"minecraft:orange_terracotta":14,"minecraft:iron_chestplate":3,"minecraft:andesite":50,"minecraft:cake":7,"minecraft:mossy_stone_bricks":1,"minecraft:oak_sapling":7,"minecraft:waxed_oxidized_cut_copper":1,"minecraft:golden_sword":2,"minecraft:diamond_boots":3,"minecraft:slime_ball":160,"minecraft:stone_pickaxe":24,"minecraft:wooden_pickaxe":3,"minecraft:magma_cream":2},"minecraft:picked_up":{"minecraft:birch_door":3,"minecraft:iron_chestplate":5,"minecraft:chainmail_boots":8,"minecraft:flower_pot":5,"minecraft:anvil":6,"minecraft:smithing_table":31,"minecraft:lead":2,"minecraft:diamond_sword":5,"minecraft:oak_stairs":103,"minecraft:enchanted_book":11,"minecraft:brewing_stand":1,"minecraft:golden_sword":3,"minecraft:amethyst_block":37,"minecraft:polished_deepslate":22,"minecraft:polished_blackstone_brick_stairs":1,"minecraft:string":224,"minecraft:soul_soil":39,"minecraft:cooked_salmon":61,"minecraft:polished_tuff_stairs":110,"minecraft:diamond_leggings":2,"minecraft:gold_nugget":4082,"minecraft:cobbled_deepslate":1601,"waystones:end_stone_waystone":3,"minecraft:trial_key":1,"minecraft:netherite_upgrade_smithing_template":2,"minecraft:melon_slice":8,"minecraft:coal_block":30,"minecraft:golden_helmet":2,"minecraft:composter":5,"minecraft:big_dripleaf":25,"minecraft:green_bed":4,"minecraft:acacia_log":320,"minecraft:sandstone_wall":11,"minecraft:golden_axe":1,"minecraft:waxed_copper_grate":1,"minecraft:deepslate_tile_stairs":35,"minecraft:golden_chestplate":1,"minecraft:stone_sword":6,"minecraft:honey_bottle":1,"minecraft:armadillo_scute":3,"minecraft:iron_block":18,"minecraft:white_terracotta":217,"minecraft:blaze_rod":28,"minecraft:iron_bars":7,"minecraft:birch_log":460,"minecraft:magma_block":28,"minecraft:feather":4,"minecraft:cooked_beef":205,"minecraft:birch_slab":4,"minecraft:water_bucket":6,"minecraft:jungle_log":914,"minecraft:brown_wool":1,"minecraft:acacia_leaves":30,"minecraft:smoker":31,"minecraft:flint":71,"minecraft:lantern":16,"minecraft:chipped_anvil":1,"minecraft:stonecutter":4,"minecraft:rabbit":3,"minecraft:diamond_helmet":2,"minecraft:glowstone_dust":1401,"minecraft:moss_block":13,"minecraft:chiseled_polished_blackstone":18,"minecraft:birch_fence_gate":9,"minecraft:ink_sac":15,"minecraft:loom":2,"minecraft:acacia_stairs":6,"minecraft:red_terracotta":686,"minecraft:barrel":10,"minecraft:iron_hoe":2,"minecraft:lever":1,"minecraft:granite":109,"minecraft:bread":23,"minecraft:music_disc_precipice":1,"minecraft:ominous_trial_key":5,"minecraft:crimson_roots":2,"minecraft:diamond_pickaxe":5,"minecraft:crafting_table":58,"minecraft:sandstone_slab":35,"minecraft:tuff_brick_slab":84,"minecraft:ominous_bottle":4,"minecraft:nether_wart":4,"minecraft:dragon_head":1,"minecraft:acacia_button":2,"minecraft:wind_charge":36,"minecraft:elytra":1,"minecraft:flow_banner_pattern":1,"minecraft:acacia_door":2,"minecraft:flint_and_steel":6,"minecraft:netherite_scrap":18,"minecraft:white_carpet":15,"minecraft:iron_shovel":6,"minecraft:glass_pane":784,"minecraft:music_disc_otherside":3,"minecraft:beef":96,"minecraft:chiseled_tuff":99,"minecraft:jungle_sapling":52,"minecraft:iron_nugget":105,"minecraft:poppy":1118,"minecraft:minecart":19,"minecraft:chest":42,"minecraft:birch_sapling":47,"minecraft:diamond_hoe":3,"minecraft:egg":8,"minecraft:sandstone":484,"minecraft:stone":14,"minecraft:oak_door":7,"minecraft:cut_red_sandstone_slab":12,"minecraft:fire_charge":30,"minecraft:carrot":1,"minecraft:redstone":249,"minecraft:tnt":9,"minecraft:waxed_oxidized_chiseled_copper":1,"minecraft:stone_shovel":59,"minecraft:diamond_chestplate":7,"minecraft:decorated_pot":21,"minecraft:shears":1,"minecraft:deepslate_bricks":112,"minecraft:diamond_boots":3,"minecraft:hay_block":41,"minecraft:sandstone_stairs":1,"minecraft:yellow_terracotta":350,"minecraft:flow_armor_trim_smithing_template":3,"minecraft:gold_ingot":396,"minecraft:totem_of_undying":10,"minecraft:tuff_bricks":428,"minecraft:glow_berries":1,"minecraft:mutton":56,"minecraft:white_wool":34,"minecraft:rail":219,"minecraft:stripped_oak_log":145,"minecraft:blackstone_slab":1,"minecraft:red_mushroom":2,"minecraft:filled_map":1,"minecraft:oak_log":961,"minecraft:ancient_debris":42,"minecraft:jungle_button":3,"minecraft:golden_boots":2,"minecraft:paper":6549,"minecraft:white_banner":11,"minecraft:apple":14,"minecraft:stone_bricks":482,"minecraft:stone_pickaxe":3,"minecraft:cobweb":6,"minecraft:glass_bottle":10,"minecraft:iron_sword":2,"minecraft:flowering_azalea":10,"minecraft:gravel":608,"minecraft:birch_stairs":8,"minecraft:crying_obsidian":108,"minecraft:polished_tuff":4,"minecraft:leather_helmet":1,"minecraft:diamond_shovel":2,"minecraft:slime_ball":434,"minecraft:stone_axe":25,"minecraft:diamond_axe":2,"minecraft:gray_wool":2,"minecraft:warped_roots":6,"minecraft:baked_potato":19,"minecraft:melon_seeds":3,"minecraft:warped_nylium":6,"minecraft:hopper":6,"minecraft:ender_pearl":171,"minecraft:shulker_shell":14,"minecraft:wheat":196,"minecraft:nether_brick_fence":6,"minecraft:potion":26,"minecraft:nether_brick":158,"minecraft:stone_brick_stairs":41,"minecraft:raw_copper":102,"minecraft:smooth_stone_slab":1,"minecraft:iron_leggings":7,"minecraft:netherite_ingot":2,"minecraft:sea_pickle":6,"minecraft:deepslate_tiles":28,"minecraft:red_sand":457,"minecraft:smooth_stone":19,"minecraft:bucket":3,"minecraft:waxed_oxidized_copper_door":1,"minecraft:redstone_torch":5,"minecraft:cobblestone_slab":96,"minecraft:ender_eye":9,"minecraft:azalea":9,"minecraft:iron_pickaxe":5,"minecraft:deepslate_tile_wall":39,"minecraft:iron_boots":6,"minecraft:furnace":32,"minecraft:tipped_arrow":56,"minecraft:stick":430,"minecraft:jungle_door":2,"minecraft:deepslate_brick_wall":1,"minecraft:brown_terracotta":528,"minecraft:oak_fence":44,"minecraft:torch":464,"minecraft:porkchop":45,"minecraft:pointed_dripstone":1,"minecraft:diorite":125,"minecraft:vine":20,"minecraft:quartz_block":52,"minecraft:cactus":108,"minecraft:rotten_flesh":177,"minecraft:music_disc_wait":1,"minecraft:obsidian":113,"minecraft:cobblestone":2879,"minecraft:enchanting_table":3,"minecraft:leather_chestplate":3,"minecraft:lilac":3,"minecraft:magma_cream":2,"minecraft:andesite":61,"minecraft:potato":210,"minecraft:tuff":577,"minecraft:smooth_sandstone_stairs":18,"minecraft:wither_skeleton_skull":6,"minecraft:acacia_boat":3,"minecraft:lapis_lazuli":730,"minecraft:dirt":4015,"minecraft:stripped_birch_log":39,"minecraft:name_tag":3,"minecraft:glass":60,"minecraft:bone":491,"minecraft:acacia_planks":14,"minecraft:bow":14,"minecraft:wheat_seeds":113,"minecraft:deepslate_brick_slab":22,"minecraft:raw_gold":121,"minecraft:bell":1,"minecraft:grindstone":12,"minecraft:mossy_stone_bricks":1,"minecraft:fletching_table":3,"minecraft:bamboo":134,"minecraft:powered_rail":5,"minecraft:oak_planks":342,"minecraft:stone_hoe":20,"minecraft:cooked_porkchop":68,"minecraft:sand":2975,"minecraft:jungle_planks":86,"minecraft:dead_bush":2,"minecraft:grass_block":59,"minecraft:jungle_slab":34,"minecraft:spectral_arrow":224,"minecraft:shulker_box":24,"minecraft:mossy_cobblestone":50,"minecraft:jungle_leaves":1,"minecraft:light_gray_terracotta":136,"minecraft:sugar":12,"minecraft:diamond":181,"waystones:waystone":2,"minecraft:cracked_polished_blackstone_bricks":62,"minecraft:crossbow":8,"minecraft:breeze_rod":118,"minecraft:bone_meal":193,"minecraft:emerald":326,"minecraft:netherrack":8674,"minecraft:oak_sapling":206,"minecraft:chorus_fruit":47,"minecraft:oak_leaves":55,"minecraft:nether_star":1,"minecraft:end_stone_bricks":4,"minecraft:charcoal":12,"minecraft:waxed_oxidized_cut_copper":1,"minecraft:splash_potion":8,"minecraft:chicken":7,"minecraft:rabbit_stew":10,"minecraft:wooden_pickaxe":2,"minecraft:gold_block":40,"minecraft:shield":16,"minecraft:oak_trapdoor":4,"minecraft:moss_carpet":6,"minecraft:iron_axe":18,"minecraft:blackstone":547,"minecraft:oak_boat":1,"minecraft:light_gray_wool":2,"minecraft:lectern":237,"minecraft:sugar_cane":10118,"minecraft:phantom_membrane":47,"minecraft:dark_oak_sapling":1,"minecraft:raw_iron":352,"minecraft:end_stone":480,"minecraft:copper_ingot":3,"minecraft:polished_blackstone_bricks":28,"minecraft:cookie":1,"minecraft:trident":1,"minecraft:dark_oak_planks":2,"minecraft:smooth_sandstone_slab":85,"minecraft:arrow":379,"minecraft:nether_bricks":1,"minecraft:saddle":5,"minecraft:basalt":258,"minecraft:salmon":64,"minecraft:cut_sandstone":26,"minecraft:leather":165,"minecraft:birch_planks":53,"minecraft:waxed_copper_bulb":1,"minecraft:chainmail_chestplate":7,"minecraft:waxed_copper_block":5,"minecraft:gunpowder":57,"minecraft:cobblestone_stairs":60,"minecraft:deepslate_tile_slab":32,"minecraft:orange_terracotta":815,"minecraft:smooth_sandstone":204,"minecraft:rabbit_hide":3,"minecraft:iron_ingot":1164,"minecraft:polished_tuff_slab":90,"minecraft:cooked_chicken":9,"minecraft:acacia_sapling":39,"minecraft:soul_sand":171,"minecraft:green_dye":1775,"minecraft:book":322,"minecraft:oak_slab":69,"minecraft:warped_fungus":1,"minecraft:emerald_block":100,"minecraft:pumpkin":4,"minecraft:quartz":1375,"minecraft:dandelion":11,"minecraft:dripstone_block":4,"minecraft:blast_furnace":28,"minecraft:white_bed":6,"minecraft:spider_eye":65,"minecraft:lime_banner":8,"minecraft:chainmail_leggings":2,"minecraft:iron_helmet":4,"minecraft:terracotta":1723,"minecraft:coal":2276,"minecraft:chiseled_tuff_bricks":205},"minecraft:killed_by":{"minecraft:vindicator":3,"minecraft:creeper":2,"minecraft:cave_spider":1,"minecraft:skeleton":2},"minecraft:mined":{"minecraft:dark_oak_planks":1,"minecraft:cut_red_sandstone_slab":9,"minecraft:dragon_wall_head":1,"minecraft:white_bed":4,"minecraft:jungle_leaves":289,"minecraft:obsidian":63,"minecraft:deepslate_tile_wall":39,"minecraft:potted_dead_bush":1,"minecraft:granite":111,"minecraft:chiseled_polished_blackstone":21,"minecraft:red_sand":478,"minecraft:acacia_log":263,"minecraft:jungle_log":916,"minecraft:coal_block":30,"minecraft:deepslate_bricks":112,"minecraft:deepslate_tile_stairs":35,"minecraft:chiseled_tuff_bricks":207,"minecraft:hopper":6,"minecraft:nether_wart":1,"minecraft:spawner":4,"minecraft:polished_blackstone_bricks":36,"minecraft:tall_seagrass":1,"minecraft:magma_block":44,"minecraft:cobbled_deepslate":115,"minecraft:barrel":10,"minecraft:fire":136,"minecraft:pumpkin":5,"minecraft:deepslate_lapis_ore":40,"minecraft:fletching_table":3,"minecraft:enchanting_table":3,"minecraft:cave_vines":2,"minecraft:oak_stairs":108,"minecraft:smooth_sandstone_stairs":10,"minecraft:iron_block":21,"minecraft:sandstone_slab":32,"minecraft:cut_sandstone":27,"minecraft:crimson_nylium":9,"minecraft:smoker":30,"minecraft:deepslate_brick_wall":1,"minecraft:soul_fire":6,"minecraft:deepslate_tile_slab":29,"minecraft:torch":157,"minecraft:blast_furnace":27,"minecraft:melon":1,"minecraft:dead_bush":74,"minecraft:glass":66,"minecraft:sugar_cane":5276,"minecraft:smooth_sandstone_slab":75,"minecraft:amethyst_block":39,"minecraft:white_terracotta":243,"minecraft:waxed_copper_bulb":1,"minecraft:bamboo_planks":1,"minecraft:light_gray_stained_glass":1,"minecraft:lilac":1,"minecraft:waxed_copper_block":5,"minecraft:warped_fungus":1,"minecraft:birch_door":4,"minecraft:stone_brick_stairs":41,"minecraft:dark_oak_sapling":1,"minecraft:loom":2,"minecraft:sandstone_wall":8,"minecraft:stonecutter":4,"minecraft:deepslate":1527,"minecraft:yellow_terracotta":354,"minecraft:deepslate_tiles":42,"minecraft:mossy_cobblestone":50,"minecraft:stripped_birch_log":14,"minecraft:end_stone":510,"minecraft:shulker_box":20,"minecraft:nether_bricks":1,"minecraft:jungle_planks":76,"minecraft:acacia_button":1,"minecraft:crimson_roots":2,"minecraft:redstone_wire":14,"minecraft:moss_block":1,"minecraft:redstone_ore":7,"minecraft:jungle_sapling":3,"minecraft:andesite":94,"minecraft:big_dripleaf_stem":5,"minecraft:chiseled_tuff":100,"minecraft:potatoes":60,"minecraft:vine":62,"minecraft:cobblestone_slab":40,"minecraft:rail":223,"minecraft:bamboo":11,"minecraft:bamboo_sapling":4,"minecraft:ender_chest":1,"minecraft:smithing_table":32,"minecraft:birch_stairs":3,"minecraft:oak_slab":63,"minecraft:glass_pane":30,"minecraft:soul_sand":66,"minecraft:dandelion":7,"minecraft:smooth_sandstone":197,"minecraft:short_grass":320,"minecraft:emerald_ore":4,"minecraft:warped_roots":1,"minecraft:campfire":9,"minecraft:copper_ore":15,"minecraft:tall_grass":86,"minecraft:deepslate_gold_ore":14,"minecraft:diorite":145,"minecraft:big_dripleaf":2,"minecraft:red_terracotta":696,"minecraft:white_carpet":16,"minecraft:birch_leaves":125,"minecraft:gravel":853,"minecraft:dripstone_block":4,"minecraft:cobweb":11,"minecraft:brown_terracotta":541,"minecraft:acacia_planks":14,"minecraft:stone_bricks":486,"minecraft:gold_ore":43,"minecraft:chipped_anvil":1,"minecraft:fern":7,"minecraft:oak_sapling":8,"minecraft:farmland":1,"minecraft:jungle_slab":28,"minecraft:cobblestone_stairs":1,"minecraft:potted_cactus":2,"minecraft:brewing_stand":1,"minecraft:cave_vines_plant":2,"minecraft:budding_amethyst":4,"minecraft:grass_block":1624,"minecraft:tuff_brick_slab":52,"minecraft:cracked_polished_blackstone_bricks":71,"minecraft:soul_soil":86,"minecraft:composter":6,"minecraft:tuff_bricks":429,"minecraft:sandstone_stairs":2,"minecraft:gilded_blackstone":1,"minecraft:smooth_stone":12,"minecraft:glowstone":490,"minecraft:iron_ore":308,"minecraft:polished_tuff":4,"minecraft:anvil":5,"minecraft:pointed_dripstone":1,"minecraft:flowering_azalea_leaves":19,"minecraft:iron_bars":12,"minecraft:polished_tuff_slab":85,"minecraft:azalea_leaves":61,"minecraft:azalea":4,"minecraft:end_stone_bricks":4,"minecraft:green_bed":4,"minecraft:deepslate_redstone_ore":15,"minecraft:jungle_door":2,"minecraft:blackstone":245,"minecraft:medium_amethyst_bud":1,"minecraft:orange_terracotta":829,"minecraft:light_gray_terracotta":144,"minecraft:calcite":6,"minecraft:poppy":17,"minecraft:chest":42,"minecraft:wither_skeleton_wall_skull":3,"minecraft:cobblestone":328,"minecraft:nether_quartz_ore":1651,"minecraft:grindstone":12,"minecraft:oak_planks":108,"minecraft:wall_torch":39,"minecraft:powered_rail":6,"minecraft:nether_wart_block":1,"minecraft:birch_log":244,"minecraft:smooth_stone_slab":1,"minecraft:tnt":8,"minecraft:oak_log":858,"minecraft:waxed_oxidized_copper_door":1,"minecraft:sand":7824,"minecraft:dirt":3057,"minecraft:netherrack":28066,"minecraft:ancient_debris":42,"minecraft:oak_leaves":1013,"minecraft:polished_tuff_stairs":110,"minecraft:nether_gold_ore":435,"minecraft:tuff":584,"minecraft:deepslate_diamond_ore":68,"minecraft:oak_door":6,"minecraft:lever":1,"minecraft:chiseled_bookshelf":2,"minecraft:decorated_pot":13,"minecraft:birch_slab":4,"minecraft:sandstone":2816,"minecraft:hay_block":41,"minecraft:deepslate_brick_slab":21,"minecraft:oak_trapdoor":4,"minecraft:furnace":33,"minecraft:nether_sprouts":1,"minecraft:acacia_stairs":10,"minecraft:polished_deepslate":22,"minecraft:gold_block":26,"minecraft:bell":1,"minecraft:nether_brick_fence":11,"minecraft:bookshelf":108,"minecraft:lime_wall_banner":2,"minecraft:deepslate_iron_ore":10,"minecraft:lantern":9,"minecraft:stripped_oak_log":145,"minecraft:packed_ice":1,"minecraft:chorus_plant":7,"minecraft:stone":2889,"minecraft:acacia_leaves":53,"minecraft:flowering_azalea":6,"minecraft:basalt":280,"minecraft:oak_fence":42,"minecraft:crafting_table":61,"minecraft:blackstone_slab":1,"minecraft:lectern":238,"minecraft:lapis_ore":3,"minecraft:polished_blackstone_brick_stairs":1,"minecraft:sculk":1,"minecraft:birch_planks":53,"minecraft:cactus":32,"minecraft:sea_pickle":1,"minecraft:redstone_torch":5,"minecraft:coal_ore":672,"minecraft:terracotta":1744,"minecraft:mossy_stone_bricks":1},"minecraft:custom":{"minecraft:interact_with_crafting_table":361,"minecraft:open_barrel":16,"minecraft:bell_ring":10,"minecraft:leave_game":31,"minecraft:time_since_death":185435,"minecraft:damage_blocked_by_shield":4095,"minecraft:play_time":3370179,"minecraft:deaths":9,"minecraft:jump":59811,"minecraft:enchant_item":65,"minecraft:interact_with_furnace":356,"minecraft:play_record":3,"minecraft:traded_with_villager":4679,"minecraft:sleep_in_bed":51,"minecraft:waystone_activated":4,"minecraft:damage_dealt":190141,"minecraft:interact_with_smoker":83,"minecraft:inspect_dispenser":21,"minecraft:horse_one_cm":655,"minecraft:interact_with_smithing_table":51,"minecraft:interact_with_anvil":88,"minecraft:inspect_hopper":72,"minecraft:sneak_time":264710,"minecraft:interact_with_blast_furnace":125,"minecraft:total_world_time":3370179,"minecraft:interact_with_stonecutter":22,"minecraft:time_since_rest":72927,"minecraft:swim_one_cm":1165264,"minecraft:fly_one_cm":12705948,"minecraft:open_chest":1921,"minecraft:fall_one_cm":1762681,"minecraft:open_shulker_box":25,"minecraft:sprint_one_cm":11150704,"minecraft:drop":2315,"minecraft:talked_to_villager":1345,"minecraft:walk_on_water_one_cm":712489,"minecraft:interact_with_loom":1,"minecraft:open_enderchest":42,"minecraft:player_kills":15,"minecraft:crouch_one_cm":1045706,"minecraft:mob_kills":1319,"minecraft:climb_one_cm":79937,"minecraft:walk_one_cm":8529099,"minecraft:raid_win":1,"minecraft:walk_under_water_one_cm":1029860,"minecraft:boat_one_cm":150511,"minecraft:raid_trigger":1,"minecraft:pot_flower":1,"minecraft:interact_with_grindstone":61,"minecraft:damage_taken":38166,"minecraft:damage_absorbed":620,"minecraft:aviate_one_cm":130255},"minecraft:crafted":{"minecraft:ender_chest":5,"minecraft:smooth_stone":24,"minecraft:blaze_powder":28,"waystones:waystone":1,"minecraft:birch_slab":60,"minecraft:cut_red_sandstone_slab":252,"minecraft:lever":2,"minecraft:diamond_shovel":2,"minecraft:bookshelf":84,"minecraft:cooked_mutton":51,"minecraft:shulker_box":6,"minecraft:iron_bars":48,"minecraft:deepslate_brick_stairs":6,"minecraft:quartz_block":52,"minecraft:glass":2272,"minecraft:diamond_helmet":4,"minecraft:diamond_leggings":6,"minecraft:netherite_boots":2,"minecraft:tipped_arrow":20,"minecraft:birch_door":6,"minecraft:name_tag":3,"minecraft:emerald":4017,"minecraft:cooked_porkchop":622,"minecraft:diamond_axe":4,"minecraft:acacia_slab":6,"minecraft:lime_banner":12,"minecraft:smithing_table":15,"minecraft:clock":7,"minecraft:dune_armor_trim_smithing_template":8,"minecraft:fletching_table":1,"waystones:warp_stone":1,"minecraft:campfire":46,"minecraft:stone_brick_stairs":98,"minecraft:lectern":6,"minecraft:dark_oak_sapling":1,"minecraft:chiseled_deepslate":24,"minecraft:stone_slab":12,"minecraft:compass":1,"minecraft:iron_pickaxe":12,"minecraft:iron_block":303,"minecraft:gold_ingot":984,"minecraft:sandstone":39,"minecraft:netherite_ingot":11,"minecraft:composter":1,"minecraft:birch_stairs":24,"minecraft:jungle_sign":6,"minecraft:golden_carrot":129,"minecraft:rabbit_stew":10,"minecraft:stone_shovel":53,"minecraft:jukebox":1,"minecraft:iron_nugget":45,"minecraft:diamond_hoe":3,"minecraft:wind_charge":92,"minecraft:bone_meal":324,"minecraft:white_carpet":21,"minecraft:polished_tuff_stairs":40,"minecraft:lantern":85,"minecraft:netherite_axe":1,"minecraft:deepslate_brick_wall":6,"minecraft:stone_pickaxe":23,"minecraft:diamond_boots":5,"minecraft:deepslate_tile_wall":85,"minecraft:jungle_fence":3,"minecraft:wheat":201,"minecraft:coal_block":70,"minecraft:crossbow":2,"minecraft:netherite_pickaxe":2,"minecraft:enchanting_table":1,"minecraft:deepslate_brick_slab":12,"minecraft:acacia_trapdoor":2,"minecraft:polished_tuff_slab":64,"minecraft:sandstone_slab":474,"minecraft:acacia_stairs":48,"minecraft:deepslate_tiles":256,"minecraft:glowstone":364,"minecraft:enchanted_book":38,"minecraft:jungle_slab":132,"minecraft:oak_fence_gate":1,"minecraft:golden_apple":16,"minecraft:acacia_sign":6,"minecraft:chainmail_boots":19,"minecraft:oak_stairs":168,"minecraft:iron_shovel":4,"minecraft:iron_leggings":2,"minecraft:deepslate_tile_stairs":44,"minecraft:white_bed":7,"minecraft:grindstone":2,"minecraft:oak_planks":1784,"minecraft:cobblestone_slab":296,"minecraft:barrel":8,"minecraft:stone":137,"minecraft:red_sandstone":179,"minecraft:green_dye":9,"minecraft:cake":7,"minecraft:hopper":19,"minecraft:bow":3,"minecraft:iron_boots":2,"minecraft:chest":93,"minecraft:netherite_helmet":3,"minecraft:flow_armor_trim_smithing_template":4,"minecraft:chiseled_tuff":96,"minecraft:netherite_upgrade_smithing_template":32,"minecraft:rail":160,"minecraft:stone_hoe":10,"minecraft:ender_eye":20,"minecraft:stone_bricks":413,"minecraft:oak_fence":48,"minecraft:golden_boots":1,"minecraft:smoker":3,"minecraft:oak_slab":318,"minecraft:map":3,"minecraft:crafting_table":21,"minecraft:iron_helmet":2,"minecraft:wooden_pickaxe":1,"minecraft:chainmail_chestplate":7,"minecraft:gold_block":55,"minecraft:acacia_button":1,"minecraft:birch_planks":432,"minecraft:dispenser":1,"minecraft:tnt":5,"minecraft:apple":72,"minecraft:book":114,"minecraft:iron_chestplate":2,"minecraft:paper":8459,"minecraft:diamond_pickaxe":6,"minecraft:emerald_block":181,"minecraft:shield":17,"minecraft:stick":2475,"minecraft:netherite_hoe":1,"minecraft:iron_ingot":1814,"minecraft:redstone_torch":8,"minecraft:chiseled_tuff_bricks":96,"minecraft:deepslate_bricks":317,"minecraft:tuff_brick_slab":64,"minecraft:shears":2,"minecraft:deepslate_tile_slab":128,"minecraft:oak_door":3,"minecraft:cookie":126,"minecraft:coal":396,"minecraft:netherite_sword":1,"minecraft:tuff_bricks":192,"minecraft:furnace":20,"minecraft:blast_furnace":5,"minecraft:oak_trapdoor":4,"minecraft:glass_pane":3937,"minecraft:flint_and_steel":3,"minecraft:netherite_chestplate":4,"minecraft:netherite_leggings":2,"minecraft:polished_deepslate":152,"minecraft:iron_axe":17,"minecraft:iron_hoe":2,"minecraft:chiseled_bookshelf":2,"minecraft:filled_map":1,"minecraft:netherite_scrap":25,"minecraft:minecart":7,"minecraft:cooked_beef":71,"minecraft:diamond_sword":3,"minecraft:powered_rail":6,"minecraft:iron_sword":1,"minecraft:cooked_salmon":13,"minecraft:bucket":4,"minecraft:stone_axe":42,"minecraft:bread":288,"minecraft:jungle_planks":2780,"minecraft:oak_boat":2,"minecraft:jungle_door":6,"minecraft:white_wool":4,"minecraft:netherite_shovel":1,"minecraft:stonecutter":1,"minecraft:anvil":9,"minecraft:acacia_planks":976,"minecraft:cut_red_sandstone":128,"minecraft:torch":960,"minecraft:diamond_chestplate":3}},"DataVersion":3953}