{"stats":{"minecraft:broken":{"minecraft:iron_hoe":2,"minecraft:iron_axe":4,"minecraft:iron_pickaxe":8,"minecraft:iron_helmet":1,"minecraft:diamond_boots":1,"minecraft:stone_axe":1},"minecraft:dropped":{"minecraft:iron_sword":1,"minecraft:porkchop":10,"minecraft:lapis_lazuli":26,"minecraft:cooked_beef":54,"minecraft:glass_bottle":11,"minecraft:diamond":17,"minecraft:cooked_porkchop":8,"minecraft:crossbow":4,"minecraft:cookie":1,"minecraft:rail":88,"minecraft:red_mushroom":1,"minecraft:emerald":113,"minecraft:dirt":1066,"minecraft:jungle_sapling":2,"minecraft:gold_nugget":14,"minecraft:bone_meal":193,"minecraft:sand":250,"minecraft:sugar":3,"minecraft:iron_pickaxe":4,"minecraft:white_wool":1,"minecraft:bone":115,"minecraft:stone_axe":64,"minecraft:sugar_cane":16,"minecraft:iron_nugget":105,"minecraft:cooked_chicken":3,"minecraft:cobbled_deepslate":107,"minecraft:nether_brick":126,"minecraft:wheat":189,"minecraft:birch_sapling":5,"minecraft:rotten_flesh":77,"minecraft:oak_planks":109,"minecraft:glowstone_dust":1,"minecraft:white_bed":1,"minecraft:waxed_copper_block":3,"minecraft:salmon":1,"minecraft:tipped_arrow":58,"minecraft:quartz_block":104,"minecraft:acacia_sapling":6,"minecraft:glass":186,"minecraft:beef":1,"minecraft:egg":1,"minecraft:enchanted_book":7,"minecraft:golden_boots":2,"minecraft:iron_ingot":352,"minecraft:wheat_seeds":36,"minecraft:clock":3,"minecraft:dripstone_block":3,"minecraft:iron_helmet":1,"minecraft:feather":4,"minecraft:cobblestone":518,"minecraft:book":13,"minecraft:granite":63,"minecraft:deepslate_tile_slab":1,"minecraft:coal":32,"minecraft:golden_apple":1,"minecraft:cobweb":1,"minecraft:gray_wool":2,"minecraft:ink_sac":10,"minecraft:rabbit":1,"minecraft:diamond_helmet":2,"minecraft:potion":7,"minecraft:brown_terracotta":7,"minecraft:dead_bush":1,"minecraft:oak_stairs":18,"minecraft:armadillo_scute":3,"minecraft:smooth_sandstone_slab":1,"minecraft:smooth_stone":9,"minecraft:iron_shovel":3,"minecraft:chainmail_leggings":1,"minecraft:paper":7265,"minecraft:string":112,"minecraft:smooth_sandstone":14,"minecraft:acacia_planks":8,"minecraft:moss_carpet":6,"minecraft:soul_soil":37,"minecraft:netherite_ingot":2,"minecraft:diamond_hoe":1,"minecraft:stone_shovel":112,"minecraft:chicken":6,"minecraft:iron_boots":5,"minecraft:stone_slab":5,"minecraft:diamond_sword":2,"minecraft:potato":66,"minecraft:cobblestone_slab":65,"minecraft:stone":1,"minecraft:flower_pot":1,"minecraft:sea_pickle":2,"minecraft:redstone_torch":2,"minecraft:bamboo":51,"minecraft:sandstone":42,"minecraft:rabbit_stew":20,"minecraft:red_sand":14,"minecraft:bow":4,"minecraft:magma_block":15,"minecraft:terracotta":21,"minecraft:acacia_boat":1,"minecraft:soul_sand":56,"minecraft:moss_block":13,"minecraft:diamond_axe":1,"minecraft:oak_log":55,"minecraft:baked_potato":8,"minecraft:decorated_pot":1,"minecraft:netherite_upgrade_smithing_template":2,"minecraft:lantern":12,"minecraft:leather":2,"minecraft:jungle_planks":12,"minecraft:flint":56,"minecraft:cobblestone_stairs":1,"minecraft:cracked_polished_blackstone_bricks":49,"minecraft:waxed_oxidized_chiseled_copper":1,"minecraft:polished_blackstone_brick_stairs":1,"minecraft:crimson_roots":2,"minecraft:cut_sandstone":4,"minecraft:gold_ingot":585,"minecraft:gravel":475,"minecraft:chiseled_polished_blackstone":18,"minecraft:blackstone":311,"minecraft:pointed_dripstone":1,"minecraft:cooked_mutton":1,"minecraft:honey_bottle":1,"minecraft:acacia_stairs":12,"minecraft:birch_fence_gate":9,"minecraft:chainmail_chestplate":14,"minecraft:sandstone_wall":4,"minecraft:poppy":3713,"minecraft:rabbit_hide":1,"minecraft:leather_chestplate":1,"minecraft:gunpowder":20,"minecraft:melon_seeds":3,"minecraft:chainmail_boots":27,"minecraft:blackstone_slab":1,"minecraft:powered_rail":3,"minecraft:iron_bars":3,"minecraft:arrow":299,"minecraft:quartz":771,"minecraft:oak_leaves":1,"minecraft:netherrack":2600,"minecraft:stone_hoe":30,"minecraft:bread":199,"minecraft:golden_helmet":1,"minecraft:lilac":1,"minecraft:smithing_table":3,"minecraft:minecart":3,"minecraft:diamond_leggings":2,"minecraft:golden_axe":1,"minecraft:spectral_arrow":128,"minecraft:copper_ingot":2,"minecraft:acacia_log":1,"minecraft:flow_armor_trim_smithing_template":1,"minecraft:stick":96,"minecraft:diorite":28,"minecraft:torch":417,"minecraft:green_dye":3132,"minecraft:melon_slice":8,"minecraft:brown_wool":1,"minecraft:waxed_copper_bulb":1,"minecraft:fire_charge":2,"minecraft:iron_leggings":3,"minecraft:jungle_leaves":1,"minecraft:iron_axe":24,"minecraft:cactus":2,"minecraft:redstone":19,"minecraft:anvil":1,"minecraft:raw_copper":64,"minecraft:light_gray_terracotta":2,"minecraft:tuff":15,"minecraft:raw_iron":5,"minecraft:light_gray_wool":2,"minecraft:totem_of_undying":1,"minecraft:acacia_leaves":30,"minecraft:glass_pane":830,"minecraft:red_terracotta":8,"minecraft:deepslate_bricks":10,"minecraft:filled_map":3,"minecraft:shield":24,"minecraft:diamond_chestplate":3,"minecraft:orange_terracotta":14,"minecraft:iron_chestplate":3,"minecraft:andesite":40,"minecraft:cake":7,"minecraft:oak_sapling":2,"minecraft:waxed_oxidized_cut_copper":1,"minecraft:golden_sword":1,"minecraft:diamond_boots":1,"minecraft:slime_ball":160,"minecraft:stone_pickaxe":24,"minecraft:wooden_pickaxe":3},"minecraft:custom":{"minecraft:interact_with_crafting_table":307,"minecraft:open_barrel":6,"minecraft:bell_ring":10,"minecraft:leave_game":24,"minecraft:time_since_death":1488257,"minecraft:damage_blocked_by_shield":4095,"minecraft:play_time":2742091,"minecraft:deaths":8,"minecraft:jump":43909,"minecraft:enchant_item":41,"minecraft:interact_with_furnace":325,"minecraft:play_record":3,"minecraft:traded_with_villager":3007,"minecraft:sleep_in_bed":45,"minecraft:damage_dealt":130385,"minecraft:interact_with_smoker":83,"minecraft:inspect_dispenser":21,"minecraft:horse_one_cm":655,"minecraft:interact_with_smithing_table":34,"minecraft:interact_with_anvil":78,"minecraft:inspect_hopper":72,"minecraft:sneak_time":218429,"minecraft:interact_with_blast_furnace":121,"minecraft:total_world_time":2742091,"minecraft:interact_with_stonecutter":16,"minecraft:time_since_rest":99782,"minecraft:swim_one_cm":931275,"minecraft:fly_one_cm":8669789,"minecraft:open_chest":1536,"minecraft:fall_one_cm":1248212,"minecraft:sprint_one_cm":8830500,"minecraft:drop":2079,"minecraft:talked_to_villager":1089,"minecraft:walk_on_water_one_cm":624295,"minecraft:interact_with_loom":1,"minecraft:player_kills":7,"minecraft:crouch_one_cm":827211,"minecraft:mob_kills":1060,"minecraft:climb_one_cm":74428,"minecraft:walk_one_cm":7008453,"minecraft:raid_win":1,"minecraft:walk_under_water_one_cm":844280,"minecraft:boat_one_cm":150511,"minecraft:raid_trigger":1,"minecraft:pot_flower":1,"minecraft:interact_with_grindstone":33,"minecraft:damage_taken":28525,"minecraft:damage_absorbed":620},"minecraft:used":{"minecraft:waxed_oxidized_copper_door":1,"minecraft:tuff_bricks":447,"minecraft:chiseled_deepslate":11,"minecraft:cut_red_sandstone_slab":262,"minecraft:chiseled_tuff":193,"minecraft:dispenser":1,"minecraft:chest":108,"minecraft:stone":2,"minecraft:soul_sand":48,"minecraft:jungle_slab":99,"minecraft:acacia_sapling":23,"minecraft:deepslate_brick_slab":32,"minecraft:acacia_button":3,"minecraft:jungle_sapling":43,"minecraft:lava_bucket":10,"minecraft:netherite_shovel":9269,"minecraft:lime_banner":20,"minecraft:grass_block":59,"minecraft:birch_sapling":30,"minecraft:netherite_hoe":758,"minecraft:bow":307,"minecraft:ominous_bottle":2,"minecraft:furnace":35,"minecraft:oak_sapling":92,"minecraft:egg":5,"minecraft:potato":141,"minecraft:deepslate_brick_wall":1,"minecraft:diorite":15,"minecraft:stripped_birch_log":1,"minecraft:powered_rail":11,"minecraft:acacia_trapdoor":2,"minecraft:blackstone":172,"minecraft:cactus":89,"minecraft:wooden_pickaxe":4,"minecraft:composter":6,"minecraft:oak_leaves":54,"minecraft:golden_apple":16,"minecraft:sand":1521,"minecraft:blast_furnace":24,"minecraft:deepslate_tiles":229,"minecraft:red_sandstone":51,"minecraft:birch_slab":58,"minecraft:lectern":242,"minecraft:red_terracotta":381,"minecraft:cut_red_sandstone":2,"minecraft:chiseled_tuff_bricks":159,"minecraft:coal_block":30,"minecraft:diamond_sword":1058,"minecraft:fire_charge":5,"minecraft:smithing_table":39,"minecraft:birch_log":125,"minecraft:oak_boat":3,"minecraft:oak_trapdoor":4,"minecraft:iron_bars":52,"minecraft:enchanting_table":2,"minecraft:acacia_log":4,"minecraft:cooked_salmon":40,"minecraft:trial_key":1,"minecraft:netherrack":1794,"minecraft:sandstone_wall":7,"minecraft:torch":898,"minecraft:anvil":5,"minecraft:iron_axe":1292,"minecraft:jungle_log":52,"minecraft:bamboo":9,"minecraft:barrel":8,"minecraft:diamond_chestplate":2,"minecraft:glowstone":309,"minecraft:basalt":1,"minecraft:cobbled_deepslate":314,"minecraft:acacia_planks":467,"minecraft:orange_terracotta":872,"minecraft:water_bucket":538,"minecraft:chiseled_bookshelf":2,"minecraft:sandstone_stairs":1,"minecraft:birch_planks":193,"minecraft:smooth_sandstone_slab":52,"minecraft:fletching_table":4,"minecraft:deepslate_bricks":272,"minecraft:polished_blackstone_bricks":24,"minecraft:rail":277,"minecraft:vine":20,"minecraft:crafting_table":58,"minecraft:oak_slab":287,"minecraft:white_bed":10,"minecraft:campfire":46,"minecraft:deepslate_tile_wall":103,"minecraft:oak_log":343,"minecraft:diamond_pickaxe":12663,"minecraft:ominous_trial_key":5,"minecraft:acacia_sign":6,"minecraft:diamond_shovel":3259,"minecraft:wind_charge":57,"minecraft:iron_pickaxe":2669,"minecraft:enchanted_book":2,"minecraft:cobblestone":1162,"minecraft:potion":9,"minecraft:cooked_porkchop":210,"minecraft:sandstone_slab":507,"minecraft:glass_pane":76,"minecraft:stripped_oak_log":5,"minecraft:jukebox":1,"minecraft:diamond_leggings":1,"minecraft:red_sand":45,"minecraft:iron_shovel":803,"minecraft:polished_deepslate":173,"minecraft:diamond_hoe":182,"minecraft:decorated_pot":20,"minecraft:shield":76,"minecraft:white_terracotta":180,"minecraft:iron_sword":176,"minecraft:bell":1,"minecraft:iron_chestplate":2,"minecraft:jungle_planks":1101,"minecraft:deepslate_tile_slab":111,"minecraft:tuff":36,"minecraft:glass":401,"minecraft:lantern":59,"minecraft:iron_helmet":1,"minecraft:stone_bricks":266,"minecraft:magma_block":2,"minecraft:dark_oak_sapling":2,"minecraft:diamond_boots":3,"minecraft:stone_pickaxe":120,"minecraft:oak_planks":312,"minecraft:jungle_fence":2,"minecraft:ender_pearl":45,"minecraft:sandstone":111,"minecraft:sugar_cane":995,"minecraft:diamond_axe":1457,"minecraft:white_wool":1,"minecraft:polished_tuff_stairs":111,"minecraft:yellow_terracotta":268,"minecraft:light_gray_terracotta":101,"minecraft:crossbow":87,"minecraft:dripstone_block":1,"minecraft:shears":83,"minecraft:redstone_torch":10,"minecraft:lever":3,"minecraft:bread":112,"minecraft:gravel":5,"minecraft:jungle_sign":4,"minecraft:grindstone":12,"minecraft:andesite":5,"minecraft:bone_meal":303,"minecraft:cobweb":5,"minecraft:oak_fence":48,"minecraft:netherite_sword":257,"minecraft:trident":161,"minecraft:flint_and_steel":133,"minecraft:stone_shovel":9,"minecraft:redstone":22,"minecraft:oak_door":7,"minecraft:dirt":1758,"minecraft:white_carpet":17,"minecraft:hopper":24,"minecraft:granite":5,"minecraft:birch_door":5,"minecraft:iron_hoe":502,"minecraft:brown_terracotta":58,"minecraft:dark_oak_planks":1,"minecraft:bookshelf":51,"minecraft:oak_stairs":165,"minecraft:smooth_sandstone":94,"minecraft:iron_boots":3,"minecraft:golden_carrot":115,"minecraft:deepslate_tile_stairs":71,"minecraft:netherite_pickaxe":24585,"minecraft:cooked_beef":70,"minecraft:iron_leggings":1,"minecraft:cooked_mutton":4,"minecraft:acacia_boat":1,"minecraft:cut_sandstone":11,"minecraft:stonecutter":2,"minecraft:green_bed":2,"minecraft:cobblestone_slab":152,"minecraft:waxed_copper_block":2,"minecraft:terracotta":1217,"minecraft:book":2,"minecraft:smoker":28,"minecraft:polished_tuff_slab":90,"minecraft:flower_pot":2,"minecraft:acacia_stairs":42,"minecraft:cracked_polished_blackstone_bricks":13,"minecraft:map":3,"minecraft:netherite_axe":836,"minecraft:tuff_brick_slab":24,"minecraft:stone_axe":96,"minecraft:white_banner":2,"minecraft:jungle_door":4,"minecraft:bucket":552,"minecraft:splash_potion":6,"minecraft:smooth_stone":12,"minecraft:birch_stairs":22},"minecraft:mined":{"minecraft:dark_oak_planks":1,"minecraft:cut_red_sandstone_slab":7,"minecraft:white_bed":4,"minecraft:jungle_leaves":289,"minecraft:potted_dead_bush":1,"minecraft:granite":88,"minecraft:red_sand":478,"minecraft:chiseled_polished_blackstone":21,"minecraft:acacia_log":263,"minecraft:deepslate_tile_wall":39,"minecraft:jungle_log":916,"minecraft:coal_block":30,"minecraft:deepslate_bricks":112,"minecraft:deepslate_tile_stairs":35,"minecraft:chiseled_tuff_bricks":111,"minecraft:hopper":6,"minecraft:nether_wart":1,"minecraft:spawner":4,"minecraft:polished_blackstone_bricks":36,"minecraft:tall_seagrass":1,"minecraft:magma_block":28,"minecraft:cobbled_deepslate":65,"minecraft:fire":127,"minecraft:pumpkin":5,"minecraft:deepslate_lapis_ore":40,"minecraft:fletching_table":3,"minecraft:enchanting_table":1,"minecraft:cave_vines":2,"minecraft:oak_stairs":20,"minecraft:smooth_sandstone_stairs":10,"minecraft:sandstone_slab":32,"minecraft:cut_sandstone":27,"minecraft:deepslate_brick_wall":1,"minecraft:smoker":30,"minecraft:crimson_nylium":9,"minecraft:deepslate_tile_slab":29,"minecraft:torch":156,"minecraft:blast_furnace":24,"minecraft:melon":1,"minecraft:dead_bush":72,"minecraft:glass":66,"minecraft:sugar_cane":4949,"minecraft:smooth_sandstone_slab":74,"minecraft:amethyst_block":39,"minecraft:white_terracotta":191,"minecraft:waxed_copper_bulb":1,"minecraft:bamboo_planks":1,"minecraft:light_gray_stained_glass":1,"minecraft:lilac":1,"minecraft:waxed_copper_block":5,"minecraft:birch_door":4,"minecraft:dark_oak_sapling":1,"minecraft:loom":2,"minecraft:sandstone_wall":8,"minecraft:stonecutter":1,"minecraft:deepslate":1343,"minecraft:yellow_terracotta":354,"minecraft:deepslate_tiles":42,"minecraft:mossy_cobblestone":50,"minecraft:stripped_birch_log":14,"minecraft:jungle_planks":76,"minecraft:acacia_button":1,"minecraft:crimson_roots":2,"minecraft:redstone_wire":14,"minecraft:moss_block":1,"minecraft:redstone_ore":7,"minecraft:jungle_sapling":3,"minecraft:andesite":84,"minecraft:big_dripleaf_stem":5,"minecraft:chiseled_tuff":98,"minecraft:potatoes":60,"minecraft:cobblestone_slab":40,"minecraft:vine":62,"minecraft:rail":223,"minecraft:bamboo_sapling":4,"minecraft:bamboo":11,"minecraft:smithing_table":28,"minecraft:birch_stairs":3,"minecraft:oak_slab":60,"minecraft:glass_pane":15,"minecraft:soul_sand":39,"minecraft:dandelion":7,"minecraft:smooth_sandstone":193,"minecraft:short_grass":319,"minecraft:emerald_ore":4,"minecraft:campfire":9,"minecraft:copper_ore":14,"minecraft:tall_grass":82,"minecraft:deepslate_gold_ore":11,"minecraft:diorite":132,"minecraft:big_dripleaf":2,"minecraft:red_terracotta":696,"minecraft:white_carpet":16,"minecraft:birch_leaves":125,"minecraft:gravel":828,"minecraft:dripstone_block":4,"minecraft:cobweb":11,"minecraft:brown_terracotta":541,"minecraft:acacia_planks":14,"minecraft:stone_bricks":10,"minecraft:gold_ore":43,"minecraft:fern":7,"minecraft:oak_sapling":8,"minecraft:jungle_slab":28,"minecraft:cobblestone_stairs":1,"minecraft:potted_cactus":2,"minecraft:cave_vines_plant":2,"minecraft:budding_amethyst":4,"minecraft:grass_block":1624,"minecraft:tuff_brick_slab":22,"minecraft:cracked_polished_blackstone_bricks":71,"minecraft:soul_soil":83,"minecraft:composter":6,"minecraft:tuff_bricks":348,"minecraft:gilded_blackstone":1,"minecraft:sandstone_stairs":2,"minecraft:smooth_stone":12,"minecraft:glowstone":485,"minecraft:iron_ore":304,"minecraft:polished_tuff":4,"minecraft:anvil":1,"minecraft:pointed_dripstone":1,"minecraft:flowering_azalea_leaves":19,"minecraft:iron_bars":12,"minecraft:polished_tuff_slab":85,"minecraft:azalea_leaves":61,"minecraft:azalea":4,"minecraft:green_bed":2,"minecraft:deepslate_redstone_ore":15,"minecraft:jungle_door":2,"minecraft:blackstone":167,"minecraft:medium_amethyst_bud":1,"minecraft:orange_terracotta":822,"minecraft:light_gray_terracotta":106,"minecraft:calcite":6,"minecraft:poppy":17,"minecraft:chest":38,"minecraft:cobblestone":320,"minecraft:nether_quartz_ore":1521,"minecraft:oak_planks":18,"minecraft:grindstone":10,"minecraft:wall_torch":39,"minecraft:powered_rail":6,"minecraft:nether_wart_block":1,"minecraft:birch_log":244,"minecraft:oak_log":698,"minecraft:waxed_oxidized_copper_door":1,"minecraft:sand":7384,"minecraft:dirt":3029,"minecraft:netherrack":22104,"minecraft:ancient_debris":38,"minecraft:oak_leaves":990,"minecraft:polished_tuff_stairs":110,"minecraft:nether_gold_ore":402,"minecraft:tuff":564,"minecraft:deepslate_diamond_ore":68,"minecraft:oak_door":3,"minecraft:lever":1,"minecraft:decorated_pot":13,"minecraft:birch_slab":4,"minecraft:sandstone":2746,"minecraft:hay_block":41,"minecraft:deepslate_brick_slab":21,"minecraft:furnace":29,"minecraft:acacia_stairs":10,"minecraft:gold_block":26,"minecraft:bell":1,"minecraft:polished_deepslate":22,"minecraft:bookshelf":47,"minecraft:lime_wall_banner":2,"minecraft:deepslate_iron_ore":10,"minecraft:lantern":9,"minecraft:stripped_oak_log":14,"minecraft:packed_ice":1,"minecraft:stone":2523,"minecraft:acacia_leaves":52,"minecraft:flowering_azalea":6,"minecraft:basalt":2,"minecraft:oak_fence":12,"minecraft:crafting_table":46,"minecraft:blackstone_slab":1,"minecraft:lectern":238,"minecraft:lapis_ore":3,"minecraft:polished_blackstone_brick_stairs":1,"minecraft:sculk":1,"minecraft:birch_planks":53,"minecraft:cactus":32,"minecraft:sea_pickle":1,"minecraft:redstone_torch":5,"minecraft:coal_ore":672,"minecraft:terracotta":1743},"minecraft:killed_by":{"minecraft:vindicator":3,"minecraft:creeper":2,"minecraft:cave_spider":1,"minecraft:skeleton":2},"minecraft:killed":{"minecraft:cave_spider":3,"minecraft:skeleton":186,"minecraft:chicken":5,"minecraft:salmon":61,"minecraft:iron_golem":2,"minecraft:pillager":25,"minecraft:zombie":95,"minecraft:cow":50,"minecraft:evoker":6,"minecraft:endermite":2,"minecraft:vindicator":21,"minecraft:husk":32,"minecraft:rabbit":2,"minecraft:ravager":3,"minecraft:breeze":13,"minecraft:enderman":11,"minecraft:witch":6,"minecraft:spider":44,"minecraft:silverfish":3,"minecraft:piglin_brute":18,"minecraft:piglin":53,"minecraft:pig":18,"minecraft:zombie_villager":3,"minecraft:creeper":38,"minecraft:sheep":35,"minecraft:trader_llama":3,"minecraft:ghast":3,"minecraft:stray":58,"minecraft:vex":14,"minecraft:armadillo":2,"minecraft:slime":152,"minecraft:phantom":50,"minecraft:drowned":14,"minecraft:hoglin":4,"minecraft:villager":2},"minecraft:crafted":{"minecraft:smooth_stone":24,"minecraft:birch_slab":60,"minecraft:cut_red_sandstone_slab":252,"minecraft:lever":2,"minecraft:diamond_shovel":2,"minecraft:bookshelf":62,"minecraft:cooked_mutton":51,"minecraft:iron_bars":48,"minecraft:deepslate_brick_stairs":6,"minecraft:quartz_block":52,"minecraft:glass":1800,"minecraft:diamond_helmet":4,"minecraft:diamond_leggings":6,"minecraft:netherite_boots":2,"minecraft:tipped_arrow":20,"minecraft:birch_door":6,"minecraft:emerald":2267,"minecraft:cooked_porkchop":287,"minecraft:diamond_axe":4,"minecraft:acacia_slab":6,"minecraft:lime_banner":12,"minecraft:smithing_table":15,"minecraft:clock":7,"minecraft:dune_armor_trim_smithing_template":8,"minecraft:fletching_table":1,"minecraft:campfire":46,"minecraft:lectern":6,"minecraft:dark_oak_sapling":1,"minecraft:chiseled_deepslate":24,"minecraft:stone_slab":12,"minecraft:compass":1,"minecraft:iron_pickaxe":12,"minecraft:iron_block":196,"minecraft:gold_ingot":823,"minecraft:sandstone":39,"minecraft:netherite_ingot":10,"minecraft:composter":1,"minecraft:birch_stairs":24,"minecraft:jungle_sign":6,"minecraft:golden_carrot":129,"minecraft:rabbit_stew":10,"minecraft:stone_shovel":53,"minecraft:jukebox":1,"minecraft:iron_nugget":45,"minecraft:diamond_hoe":3,"minecraft:wind_charge":68,"minecraft:bone_meal":324,"minecraft:white_carpet":21,"minecraft:polished_tuff_stairs":40,"minecraft:lantern":85,"minecraft:netherite_axe":1,"minecraft:deepslate_brick_wall":6,"minecraft:stone_pickaxe":23,"minecraft:diamond_boots":5,"minecraft:deepslate_tile_wall":85,"minecraft:jungle_fence":3,"minecraft:wheat":201,"minecraft:coal_block":70,"minecraft:crossbow":2,"minecraft:netherite_pickaxe":1,"minecraft:enchanting_table":1,"minecraft:deepslate_brick_slab":12,"minecraft:acacia_trapdoor":2,"minecraft:polished_tuff_slab":64,"minecraft:sandstone_slab":474,"minecraft:acacia_stairs":48,"minecraft:deepslate_tiles":256,"minecraft:glowstone":345,"minecraft:enchanted_book":31,"minecraft:jungle_slab":132,"minecraft:oak_fence_gate":1,"minecraft:golden_apple":16,"minecraft:acacia_sign":6,"minecraft:chainmail_boots":19,"minecraft:oak_stairs":168,"minecraft:iron_shovel":4,"minecraft:iron_leggings":2,"minecraft:deepslate_tile_stairs":44,"minecraft:white_bed":7,"minecraft:grindstone":2,"minecraft:oak_planks":1160,"minecraft:cobblestone_slab":296,"minecraft:barrel":8,"minecraft:stone":30,"minecraft:red_sandstone":179,"minecraft:green_dye":9,"minecraft:cake":7,"minecraft:hopper":19,"minecraft:bow":2,"minecraft:iron_boots":2,"minecraft:chest":91,"minecraft:netherite_helmet":3,"minecraft:flow_armor_trim_smithing_template":4,"minecraft:chiseled_tuff":96,"minecraft:netherite_upgrade_smithing_template":32,"minecraft:rail":160,"minecraft:stone_hoe":10,"minecraft:stone_bricks":256,"minecraft:oak_fence":48,"minecraft:golden_boots":1,"minecraft:smoker":3,"minecraft:oak_slab":318,"minecraft:map":3,"minecraft:crafting_table":16,"minecraft:iron_helmet":2,"minecraft:wooden_pickaxe":1,"minecraft:chainmail_chestplate":7,"minecraft:gold_block":39,"minecraft:acacia_button":1,"minecraft:birch_planks":432,"minecraft:dispenser":1,"minecraft:apple":72,"minecraft:book":114,"minecraft:iron_chestplate":2,"minecraft:paper":8150,"minecraft:diamond_pickaxe":5,"minecraft:shield":17,"minecraft:stick":2467,"minecraft:netherite_hoe":1,"minecraft:iron_ingot":1814,"minecraft:redstone_torch":8,"minecraft:chiseled_tuff_bricks":96,"minecraft:deepslate_bricks":317,"minecraft:tuff_brick_slab":64,"minecraft:shears":2,"minecraft:deepslate_tile_slab":128,"minecraft:oak_door":3,"minecraft:cookie":126,"minecraft:coal":396,"minecraft:netherite_sword":1,"minecraft:tuff_bricks":192,"minecraft:furnace":16,"minecraft:blast_furnace":5,"minecraft:glass_pane":2705,"minecraft:oak_trapdoor":4,"minecraft:flint_and_steel":1,"minecraft:netherite_chestplate":3,"minecraft:netherite_leggings":2,"minecraft:polished_deepslate":152,"minecraft:iron_axe":17,"minecraft:iron_hoe":2,"minecraft:chiseled_bookshelf":2,"minecraft:filled_map":1,"minecraft:netherite_scrap":21,"minecraft:minecart":7,"minecraft:cooked_beef":71,"minecraft:diamond_sword":3,"minecraft:powered_rail":6,"minecraft:iron_sword":1,"minecraft:cooked_salmon":13,"minecraft:bucket":4,"minecraft:stone_axe":42,"minecraft:bread":288,"minecraft:jungle_planks":2780,"minecraft:oak_boat":2,"minecraft:jungle_door":6,"minecraft:white_wool":4,"minecraft:netherite_shovel":1,"minecraft:stonecutter":1,"minecraft:anvil":4,"minecraft:acacia_planks":976,"minecraft:cut_red_sandstone":128,"minecraft:torch":960,"minecraft:diamond_chestplate":3},"minecraft:picked_up":{"minecraft:birch_door":3,"minecraft:iron_chestplate":5,"minecraft:chainmail_boots":8,"minecraft:flower_pot":5,"minecraft:anvil":2,"minecraft:smithing_table":27,"minecraft:lead":2,"minecraft:diamond_sword":4,"minecraft:oak_stairs":18,"minecraft:enchanted_book":8,"minecraft:golden_sword":2,"minecraft:amethyst_block":37,"minecraft:polished_deepslate":22,"minecraft:polished_blackstone_brick_stairs":1,"minecraft:string":219,"minecraft:soul_soil":37,"minecraft:cooked_salmon":61,"minecraft:polished_tuff_stairs":110,"minecraft:diamond_leggings":2,"minecraft:gold_nugget":3809,"minecraft:cobbled_deepslate":1331,"minecraft:trial_key":1,"minecraft:netherite_upgrade_smithing_template":2,"minecraft:coal_block":30,"minecraft:melon_slice":8,"minecraft:golden_helmet":2,"minecraft:composter":5,"minecraft:big_dripleaf":25,"minecraft:green_bed":2,"minecraft:acacia_log":319,"minecraft:sandstone_wall":11,"minecraft:golden_axe":1,"minecraft:waxed_copper_grate":1,"minecraft:deepslate_tile_stairs":35,"minecraft:golden_chestplate":1,"minecraft:honey_bottle":1,"minecraft:armadillo_scute":3,"minecraft:white_terracotta":183,"minecraft:iron_bars":7,"minecraft:birch_log":460,"minecraft:magma_block":28,"minecraft:feather":4,"minecraft:cooked_beef":205,"minecraft:birch_slab":4,"minecraft:water_bucket":3,"minecraft:jungle_log":914,"minecraft:brown_wool":1,"minecraft:acacia_leaves":30,"minecraft:smoker":31,"minecraft:flint":67,"minecraft:lantern":11,"minecraft:stonecutter":1,"minecraft:rabbit":3,"minecraft:diamond_helmet":2,"minecraft:glowstone_dust":1383,"minecraft:moss_block":13,"minecraft:chiseled_polished_blackstone":18,"minecraft:birch_fence_gate":9,"minecraft:ink_sac":15,"minecraft:loom":2,"minecraft:acacia_stairs":6,"minecraft:red_terracotta":686,"minecraft:iron_hoe":2,"minecraft:lever":1,"minecraft:granite":86,"minecraft:bread":23,"minecraft:music_disc_precipice":1,"minecraft:ominous_trial_key":5,"minecraft:crimson_roots":2,"minecraft:diamond_pickaxe":2,"minecraft:crafting_table":43,"minecraft:sandstone_slab":34,"minecraft:tuff_brick_slab":24,"minecraft:ominous_bottle":4,"minecraft:nether_wart":4,"minecraft:acacia_button":2,"minecraft:wind_charge":36,"minecraft:flow_banner_pattern":1,"minecraft:flint_and_steel":6,"minecraft:netherite_scrap":18,"minecraft:white_carpet":15,"minecraft:iron_shovel":6,"minecraft:glass_pane":784,"minecraft:music_disc_otherside":3,"minecraft:beef":96,"minecraft:chiseled_tuff":97,"minecraft:jungle_sapling":51,"minecraft:iron_nugget":105,"minecraft:poppy":1115,"minecraft:minecart":19,"minecraft:chest":38,"minecraft:birch_sapling":47,"minecraft:diamond_hoe":2,"minecraft:egg":8,"minecraft:sandstone":388,"minecraft:oak_door":4,"minecraft:cut_red_sandstone_slab":10,"minecraft:fire_charge":23,"minecraft:carrot":1,"minecraft:redstone":249,"minecraft:waxed_oxidized_chiseled_copper":1,"minecraft:stone_shovel":59,"minecraft:diamond_chestplate":5,"minecraft:decorated_pot":21,"minecraft:shears":1,"minecraft:deepslate_bricks":112,"minecraft:diamond_boots":1,"minecraft:hay_block":41,"minecraft:sandstone_stairs":1,"minecraft:yellow_terracotta":350,"minecraft:flow_armor_trim_smithing_template":3,"minecraft:gold_ingot":375,"minecraft:totem_of_undying":9,"minecraft:tuff_bricks":347,"minecraft:glow_berries":1,"minecraft:mutton":56,"minecraft:white_wool":34,"minecraft:rail":219,"minecraft:stripped_oak_log":14,"minecraft:blackstone_slab":1,"minecraft:red_mushroom":2,"minecraft:filled_map":1,"minecraft:oak_log":800,"minecraft:ancient_debris":38,"minecraft:jungle_button":3,"minecraft:golden_boots":2,"minecraft:paper":6549,"minecraft:white_banner":10,"minecraft:stone_bricks":10,"minecraft:apple":14,"minecraft:stone_pickaxe":3,"minecraft:cobweb":6,"minecraft:glass_bottle":10,"minecraft:iron_sword":2,"minecraft:flowering_azalea":10,"minecraft:gravel":578,"minecraft:birch_stairs":3,"minecraft:crying_obsidian":54,"minecraft:polished_tuff":4,"minecraft:leather_helmet":1,"minecraft:diamond_shovel":2,"minecraft:slime_ball":434,"minecraft:stone_axe":25,"minecraft:diamond_axe":2,"minecraft:gray_wool":2,"minecraft:baked_potato":11,"minecraft:melon_seeds":3,"minecraft:hopper":6,"minecraft:ender_pearl":46,"minecraft:wheat":193,"minecraft:potion":23,"minecraft:nether_brick":158,"minecraft:raw_copper":98,"minecraft:iron_leggings":6,"minecraft:netherite_ingot":2,"minecraft:sea_pickle":6,"minecraft:deepslate_tiles":28,"minecraft:red_sand":457,"minecraft:smooth_stone":12,"minecraft:bucket":1,"minecraft:waxed_oxidized_copper_door":1,"minecraft:redstone_torch":5,"minecraft:cobblestone_slab":96,"minecraft:azalea":9,"minecraft:iron_pickaxe":5,"minecraft:deepslate_tile_wall":39,"minecraft:iron_boots":6,"minecraft:furnace":28,"minecraft:tipped_arrow":56,"minecraft:stick":328,"minecraft:jungle_door":2,"minecraft:deepslate_brick_wall":1,"minecraft:brown_terracotta":528,"minecraft:oak_fence":12,"minecraft:torch":457,"minecraft:porkchop":45,"minecraft:pointed_dripstone":1,"minecraft:diorite":112,"minecraft:vine":20,"minecraft:quartz_block":52,"minecraft:cactus":85,"minecraft:rotten_flesh":148,"minecraft:music_disc_wait":1,"minecraft:obsidian":26,"minecraft:cobblestone":2533,"minecraft:enchanting_table":1,"minecraft:leather_chestplate":3,"minecraft:lilac":3,"minecraft:andesite":51,"minecraft:potato":206,"minecraft:tuff":558,"minecraft:smooth_sandstone_stairs":10,"minecraft:acacia_boat":3,"minecraft:lapis_lazuli":524,"minecraft:dirt":3988,"minecraft:stripped_birch_log":14,"minecraft:glass":44,"minecraft:bone":279,"minecraft:acacia_planks":14,"minecraft:bow":10,"minecraft:wheat_seeds":94,"minecraft:deepslate_brick_slab":22,"minecraft:raw_gold":114,"minecraft:bell":1,"minecraft:grindstone":10,"minecraft:fletching_table":3,"minecraft:bamboo":134,"minecraft:powered_rail":5,"minecraft:oak_planks":193,"minecraft:stone_hoe":20,"minecraft:cooked_porkchop":16,"minecraft:sand":2661,"minecraft:jungle_planks":86,"minecraft:dead_bush":2,"minecraft:grass_block":59,"minecraft:jungle_slab":34,"minecraft:spectral_arrow":224,"minecraft:mossy_cobblestone":50,"minecraft:jungle_leaves":1,"minecraft:light_gray_terracotta":105,"minecraft:sugar":12,"minecraft:diamond":181,"minecraft:cracked_polished_blackstone_bricks":62,"minecraft:crossbow":7,"minecraft:breeze_rod":73,"minecraft:bone_meal":193,"minecraft:emerald":257,"minecraft:oak_sapling":201,"minecraft:netherrack":5142,"minecraft:oak_leaves":55,"minecraft:charcoal":12,"minecraft:waxed_oxidized_cut_copper":1,"minecraft:splash_potion":8,"minecraft:chicken":7,"minecraft:rabbit_stew":10,"minecraft:wooden_pickaxe":2,"minecraft:gold_block":26,"minecraft:shield":15,"minecraft:moss_carpet":6,"minecraft:iron_axe":18,"minecraft:blackstone":473,"minecraft:oak_boat":1,"minecraft:light_gray_wool":2,"minecraft:lectern":237,"minecraft:sugar_cane":9491,"minecraft:phantom_membrane":40,"minecraft:dark_oak_sapling":1,"minecraft:raw_iron":341,"minecraft:copper_ingot":3,"minecraft:polished_blackstone_bricks":28,"minecraft:cookie":1,"minecraft:trident":1,"minecraft:dark_oak_planks":2,"minecraft:smooth_sandstone_slab":84,"minecraft:arrow":360,"minecraft:saddle":5,"minecraft:basalt":1,"minecraft:salmon":64,"minecraft:cut_sandstone":26,"minecraft:leather":165,"minecraft:birch_planks":50,"minecraft:waxed_copper_bulb":1,"minecraft:chainmail_chestplate":7,"minecraft:waxed_copper_block":5,"minecraft:gunpowder":57,"minecraft:cobblestone_stairs":60,"minecraft:deepslate_tile_slab":32,"minecraft:orange_terracotta":809,"minecraft:smooth_sandstone":188,"minecraft:rabbit_hide":3,"minecraft:iron_ingot":519,"minecraft:polished_tuff_slab":90,"minecraft:cooked_chicken":9,"minecraft:acacia_sapling":39,"minecraft:soul_sand":135,"minecraft:green_dye":1775,"minecraft:book":142,"minecraft:oak_slab":65,"minecraft:emerald_block":3,"minecraft:pumpkin":4,"minecraft:quartz":1253,"minecraft:dandelion":10,"minecraft:dripstone_block":4,"minecraft:blast_furnace":24,"minecraft:white_bed":6,"minecraft:spider_eye":63,"minecraft:lime_banner":8,"minecraft:chainmail_leggings":2,"minecraft:iron_helmet":4,"minecraft:terracotta":1722,"minecraft:coal":2113,"minecraft:chiseled_tuff_bricks":110}},"DataVersion":3953}