{"stats":{"minecraft:used":{"minecraft:iron_shovel":144,"minecraft:diamond_hoe":6,"minecraft:chest":30,"minecraft:shield":95,"minecraft:white_terracotta":3,"minecraft:iron_sword":408,"minecraft:bell":3,"minecraft:smooth_sandstone_stairs":1,"minecraft:rotten_flesh":23,"minecraft:iron_chestplate":2,"minecraft:soul_sand":8,"minecraft:acacia_sapling":11,"minecraft:honey_bottle":2,"minecraft:glass":6,"minecraft:lava_bucket":3,"minecraft:birch_sapling":27,"minecraft:iron_helmet":1,"minecraft:waxed_exposed_copper_bulb":1,"minecraft:birch_trapdoor":6,"minecraft:ominous_bottle":3,"minecraft:oak_sapling":16,"minecraft:furnace":9,"minecraft:egg":4,"minecraft:potato":8,"minecraft:diamond_boots":2,"minecraft:stone_pickaxe":85,"minecraft:powered_rail":1,"minecraft:cactus":1,"minecraft:ender_pearl":3,"minecraft:wooden_pickaxe":33,"minecraft:sandstone":1036,"minecraft:composter":5,"minecraft:sugar_cane":21,"minecraft:diamond_axe":284,"minecraft:golden_apple":4,"minecraft:glow_berries":10,"minecraft:sand":37,"minecraft:blast_furnace":14,"minecraft:light_gray_terracotta":75,"minecraft:crossbow":94,"minecraft:birch_fence":37,"minecraft:birch_fence_gate":126,"minecraft:birch_slab":18,"minecraft:bread":453,"minecraft:cyan_bed":17,"minecraft:gravel":1,"minecraft:diamond_sword":779,"minecraft:dark_oak_fence":2,"minecraft:smithing_table":6,"minecraft:andesite":1,"minecraft:bone_meal":34,"minecraft:enchanting_table":1,"minecraft:acacia_log":9,"minecraft:stone_shovel":21,"minecraft:cooked_salmon":11,"minecraft:trial_key":6,"minecraft:cooked_chicken":1,"minecraft:netherrack":203,"minecraft:torch":74,"minecraft:dirt":1830,"minecraft:hopper":9,"minecraft:diamond_helmet":3,"minecraft:oak_fence_gate":6,"minecraft:dark_oak_planks":1,"minecraft:bookshelf":1,"minecraft:iron_axe":621,"minecraft:smooth_sandstone":12,"minecraft:iron_boots":1,"minecraft:diamond_chestplate":1,"minecraft:golden_carrot":46,"minecraft:cooked_beef":5,"minecraft:cobbled_deepslate":19,"minecraft:orange_terracotta":554,"minecraft:wheat_seeds":38,"minecraft:acacia_boat":15,"minecraft:water_bucket":598,"minecraft:cobblestone_stairs":264,"minecraft:sandstone_stairs":61,"minecraft:birch_planks":128,"minecraft:baked_potato":23,"minecraft:smooth_sandstone_slab":15,"minecraft:birch_boat":13,"minecraft:cut_sandstone":8,"minecraft:green_bed":42,"minecraft:stonecutter":5,"minecraft:terracotta":3574,"minecraft:lime_bed":76,"minecraft:oak_slab":8,"minecraft:crafting_table":53,"minecraft:white_bed":253,"minecraft:campfire":9,"minecraft:cake":1,"minecraft:flower_pot":1,"minecraft:diamond_pickaxe":3136,"minecraft:ominous_trial_key":6,"minecraft:acacia_sign":10,"minecraft:wind_charge":96,"minecraft:iron_pickaxe":4771,"minecraft:acacia_fence_gate":3,"minecraft:cobblestone":396,"minecraft:potion":5,"minecraft:cooked_porkchop":130,"minecraft:jungle_door":2,"minecraft:bucket":603,"minecraft:sandstone_slab":699,"minecraft:waxed_oxidized_copper_bulb":1,"minecraft:diamond_leggings":2},"minecraft:killed":{"minecraft:cave_spider":2,"minecraft:witch":1,"minecraft:spider":68,"minecraft:skeleton":21,"minecraft:silverfish":17,"minecraft:pig":5,"minecraft:creeper":17,"minecraft:pillager":10,"minecraft:zombie":44,"minecraft:stray":69,"minecraft:evoker":1,"minecraft:vindicator":7,"minecraft:slime":683,"minecraft:phantom":6,"minecraft:drowned":15,"minecraft:husk":41,"minecraft:rabbit":1,"minecraft:ravager":1,"minecraft:breeze":9,"minecraft:enderman":2},"minecraft:killed_by":{"minecraft:evoker":1,"minecraft:creeper":2,"minecraft:vindicator":3,"minecraft:zombie":1,"minecraft:vex":4,"minecraft:husk":2,"minecraft:player":3,"minecraft:enderman":1,"minecraft:skeleton":3,"minecraft:phantom":1},"minecraft:picked_up":{"minecraft:iron_chestplate":8,"minecraft:wheat":44,"minecraft:chainmail_boots":5,"minecraft:flower_pot":1,"minecraft:smithing_table":6,"minecraft:diamond_sword":4,"minecraft:potion":9,"minecraft:enchanted_book":5,"minecraft:string":158,"minecraft:raw_copper":110,"minecraft:cooked_salmon":11,"minecraft:iron_leggings":5,"minecraft:sea_pickle":2,"minecraft:diamond_leggings":13,"minecraft:red_sand":13,"minecraft:cobbled_deepslate":43,"minecraft:bucket":1,"minecraft:trial_key":6,"minecraft:iron_pickaxe":13,"minecraft:enchanted_golden_apple":3,"minecraft:iron_boots":7,"minecraft:furnace":9,"minecraft:tipped_arrow":177,"minecraft:golden_helmet":1,"minecraft:stick":356,"minecraft:jungle_door":2,"minecraft:composter":6,"minecraft:birch_trapdoor":14,"minecraft:brown_terracotta":15,"minecraft:torch":91,"minecraft:acacia_log":88,"minecraft:green_bed":48,"minecraft:porkchop":9,"minecraft:golden_axe":1,"minecraft:diorite":30,"minecraft:cactus":8,"minecraft:honey_bottle":1,"minecraft:rotten_flesh":124,"minecraft:armadillo_scute":4,"minecraft:white_terracotta":5,"minecraft:cobblestone":814,"minecraft:birch_log":274,"minecraft:enchanting_table":1,"minecraft:dune_armor_trim_smithing_template":4,"minecraft:cooked_beef":17,"minecraft:birch_slab":54,"minecraft:water_bucket":21,"minecraft:andesite":4,"minecraft:jungle_log":3,"minecraft:potato":14,"minecraft:tuff":1,"minecraft:smooth_sandstone_stairs":1,"minecraft:acacia_boat":15,"minecraft:dirt":998,"minecraft:name_tag":4,"minecraft:bone":176,"minecraft:acacia_planks":13,"minecraft:bow":4,"minecraft:stonecutter":3,"minecraft:wheat_seeds":158,"minecraft:raw_gold":16,"minecraft:bell":3,"minecraft:rabbit":2,"minecraft:fletching_table":9,"minecraft:diamond_helmet":14,"minecraft:bamboo":2,"minecraft:powered_rail":5,"minecraft:oak_planks":36,"minecraft:cooked_porkchop":10,"minecraft:waxed_oxidized_copper_bulb":1,"minecraft:birch_fence_gate":75,"minecraft:sand":1178,"minecraft:cyan_bed":20,"minecraft:chiseled_sandstone":1,"minecraft:light_gray_terracotta":139,"minecraft:diamond":13,"minecraft:crossbow":16,"minecraft:breeze_rod":49,"minecraft:golden_apple":27,"minecraft:emerald":149,"minecraft:bread":382,"minecraft:music_disc_precipice":1,"minecraft:oak_sapling":18,"minecraft:netherrack":255,"minecraft:dark_oak_fence":2,"minecraft:ominous_trial_key":13,"minecraft:diamond_pickaxe":5,"minecraft:crafting_table":49,"minecraft:sandstone_slab":981,"minecraft:ominous_bottle":4,"minecraft:clay_ball":1,"minecraft:wooden_pickaxe":2,"minecraft:music_disc_creator":4,"minecraft:shield":9,"minecraft:wind_charge":28,"minecraft:iron_axe":9,"minecraft:iron_shovel":3,"minecraft:birch_fence":73,"minecraft:cartography_table":16,"minecraft:oak_boat":1,"minecraft:jungle_sapling":4,"minecraft:poppy":1,"minecraft:minecart":18,"minecraft:sugar_cane":1052,"minecraft:chest":21,"minecraft:birch_sapling":36,"minecraft:phantom_membrane":12,"minecraft:diamond_hoe":1,"minecraft:egg":4,"minecraft:raw_iron":189,"minecraft:sandstone":2001,"minecraft:stone":16,"minecraft:copper_ingot":2,"minecraft:cake":1,"minecraft:redstone":48,"minecraft:stone_pressure_plate":1,"minecraft:dark_oak_planks":2,"minecraft:smooth_sandstone_slab":30,"minecraft:tnt":10,"minecraft:arrow":844,"minecraft:stone_shovel":4,"minecraft:diamond_chestplate":10,"minecraft:beetroot_seeds":1,"minecraft:diamond_boots":8,"minecraft:hay_block":16,"minecraft:sandstone_stairs":9,"minecraft:yellow_terracotta":11,"minecraft:flow_armor_trim_smithing_template":2,"minecraft:saddle":2,"minecraft:gold_ingot":21,"minecraft:totem_of_undying":11,"minecraft:rail":25,"minecraft:white_wool":2,"minecraft:lime_bed":80,"minecraft:golden_carrot":116,"minecraft:salmon":1,"minecraft:cut_sandstone":8,"minecraft:filled_map":1,"minecraft:birch_planks":119,"minecraft:oak_log":21,"minecraft:chainmail_chestplate":1,"minecraft:waxed_copper_block":1,"minecraft:gunpowder":40,"minecraft:cobblestone_stairs":584,"minecraft:paper":64,"minecraft:white_banner":7,"minecraft:orange_terracotta":707,"minecraft:smooth_sandstone":12,"minecraft:apple":12,"minecraft:rabbit_hide":1,"minecraft:iron_ingot":802,"minecraft:stone_pickaxe":1,"minecraft:glass_bottle":38,"minecraft:iron_sword":9,"minecraft:acacia_sapling":37,"minecraft:soul_sand":81,"minecraft:book":4,"minecraft:oak_slab":11,"minecraft:birch_boat":13,"minecraft:pumpkin":15,"minecraft:waxed_exposed_copper_bulb":1,"minecraft:gravel":32,"minecraft:blast_furnace":14,"minecraft:white_bed":243,"minecraft:spider_eye":51,"minecraft:slime_ball":826,"minecraft:iron_helmet":3,"minecraft:diamond_axe":9,"minecraft:terracotta":5974,"minecraft:baked_potato":45,"minecraft:coal":434,"minecraft:ender_pearl":7},"minecraft:dropped":{"minecraft:birch_planks":2,"minecraft:diamond_axe":1,"minecraft:cooked_beef":12,"minecraft:baked_potato":7,"minecraft:glass_bottle":19,"minecraft:cooked_porkchop":2,"minecraft:sandstone_slab":13,"minecraft:crossbow":4,"minecraft:fletching_table":1,"minecraft:cobblestone_stairs":114,"minecraft:emerald":41,"minecraft:jungle_sapling":1,"minecraft:bone_meal":2,"minecraft:sand":123,"minecraft:iron_pickaxe":2,"minecraft:bone":38,"minecraft:gravel":16,"minecraft:sugar_cane":7,"minecraft:wheat":6,"minecraft:birch_sapling":3,"minecraft:rotten_flesh":70,"minecraft:oak_planks":34,"minecraft:salmon":1,"minecraft:chainmail_chestplate":1,"minecraft:poppy":1,"minecraft:rabbit_hide":1,"minecraft:lime_bed":1,"minecraft:tipped_arrow":127,"minecraft:birch_trapdoor":9,"minecraft:beetroot_seeds":1,"minecraft:acacia_sapling":8,"minecraft:chainmail_boots":2,"minecraft:arrow":48,"minecraft:iron_ingot":51,"minecraft:bread":933,"minecraft:wheat_seeds":12,"minecraft:golden_helmet":1,"minecraft:diamond_leggings":1,"minecraft:yellow_terracotta":11,"minecraft:iron_helmet":1,"minecraft:cobblestone":101,"minecraft:copper_ingot":1,"minecraft:ominous_trial_key":4,"minecraft:acacia_log":2,"minecraft:coal":3,"minecraft:stick":82,"minecraft:diorite":15,"minecraft:torch":2,"minecraft:rabbit":2,"minecraft:diamond_helmet":6,"minecraft:brown_terracotta":15,"minecraft:potion":2,"minecraft:iron_leggings":3,"minecraft:armadillo_scute":2,"minecraft:white_banner":6,"minecraft:iron_axe":2,"minecraft:cactus":7,"minecraft:iron_shovel":2,"minecraft:paper":64,"minecraft:string":23,"minecraft:raw_copper":12,"minecraft:light_gray_terracotta":3,"minecraft:green_bed":1,"minecraft:diamond_hoe":1,"minecraft:composter":2,"minecraft:raw_iron":2,"minecraft:stone_shovel":1,"minecraft:iron_boots":3,"minecraft:totem_of_undying":1,"minecraft:potato":6,"minecraft:shield":1,"minecraft:sea_pickle":2,"minecraft:diamond_chestplate":1,"minecraft:orange_terracotta":5,"minecraft:diamond_pickaxe":2,"minecraft:iron_chestplate":3,"minecraft:oak_boat":1,"minecraft:oak_sapling":1,"minecraft:bamboo":2,"minecraft:spider_eye":38,"minecraft:birch_boat":1,"minecraft:slime_ball":12,"minecraft:sandstone":1,"minecraft:bow":2,"minecraft:red_sand":2,"minecraft:cyan_bed":1,"minecraft:terracotta":16},"minecraft:mined":{"minecraft:dark_oak_planks":2,"minecraft:white_bed":240,"minecraft:stone_pressure_plate":1,"minecraft:sculk_vein":2,"minecraft:cobblestone_stairs":46,"minecraft:jungle_leaves":2,"minecraft:red_sand":8,"minecraft:acacia_log":77,"minecraft:grass_block":3,"minecraft:composter":5,"minecraft:tuff_bricks":2,"minecraft:sandstone_stairs":9,"minecraft:magma_block":1,"minecraft:iron_ore":186,"minecraft:fire":7,"minecraft:cobbled_deepslate":1,"minecraft:polished_tuff":2,"minecraft:waxed_oxidized_copper_bulb":1,"minecraft:pumpkin":7,"minecraft:enchanting_table":1,"minecraft:cave_vines":1,"minecraft:smooth_sandstone_stairs":1,"minecraft:green_bed":44,"minecraft:sandstone_slab":267,"minecraft:cut_sandstone":9,"minecraft:jungle_door":1,"minecraft:orange_terracotta":559,"minecraft:torch":12,"minecraft:light_gray_terracotta":74,"minecraft:blast_furnace":14,"minecraft:chest":16,"minecraft:dead_bush":87,"minecraft:cobblestone":209,"minecraft:sugar_cane":520,"minecraft:cyan_bed":17,"minecraft:smooth_sandstone_slab":12,"minecraft:wall_torch":7,"minecraft:white_terracotta":7,"minecraft:waxed_copper_bulb":1,"minecraft:light_gray_stained_glass":1,"minecraft:birch_log":174,"minecraft:wheat":39,"minecraft:birch_trapdoor":6,"minecraft:waxed_copper_block":2,"minecraft:tnt":9,"minecraft:oak_log":22,"minecraft:waxed_oxidized_copper":1,"minecraft:sand":264,"minecraft:dirt":75,"minecraft:stonecutter":3,"minecraft:netherrack":250,"minecraft:oak_leaves":58,"minecraft:deepslate":39,"minecraft:tuff":1,"minecraft:deepslate_diamond_ore":4,"minecraft:birch_fence_gate":30,"minecraft:dark_oak_fence":2,"minecraft:decorated_pot":11,"minecraft:birch_slab":17,"minecraft:moss_block":1,"minecraft:sandstone":1320,"minecraft:hay_block":16,"minecraft:furnace":8,"minecraft:waxed_copper_grate":2,"minecraft:chiseled_sandstone":1,"minecraft:andesite":28,"minecraft:gold_block":1,"minecraft:bell":2,"minecraft:bookshelf":1,"minecraft:potatoes":3,"minecraft:rail":5,"minecraft:stone":724,"minecraft:smithing_table":5,"minecraft:oak_slab":7,"minecraft:waxed_exposed_copper_bulb":1,"minecraft:acacia_leaves":43,"minecraft:soul_sand":23,"minecraft:smooth_sandstone":13,"minecraft:crafting_table":44,"minecraft:short_grass":7,"minecraft:emerald_ore":7,"minecraft:copper_ore":26,"minecraft:diorite":20,"minecraft:cactus":1,"minecraft:birch_planks":136,"minecraft:lime_bed":76,"minecraft:waxed_oxidized_copper_grate":2,"minecraft:birch_leaves":70,"minecraft:coal_ore":163,"minecraft:gravel":25,"minecraft:flower_pot":1,"minecraft:cobweb":61,"minecraft:terracotta":3884,"minecraft:gold_ore":16,"minecraft:acacia_wall_sign":1,"minecraft:birch_fence":1},"minecraft:custom":{"minecraft:interact_with_crafting_table":153,"minecraft:open_barrel":8,"minecraft:bell_ring":70,"minecraft:eat_cake_slice":2,"minecraft:leave_game":30,"minecraft:time_since_death":49197,"minecraft:sprint_one_cm":3969390,"minecraft:damage_blocked_by_shield":4939,"minecraft:drop":446,"minecraft:talked_to_villager":233,"minecraft:play_time":2402256,"minecraft:deaths":23,"minecraft:jump":36175,"minecraft:walk_on_water_one_cm":1082340,"minecraft:enchant_item":13,"minecraft:interact_with_furnace":82,"minecraft:play_record":4,"minecraft:traded_with_villager":945,"minecraft:sleep_in_bed":44,"minecraft:damage_dealt":72658,"minecraft:player_kills":1,"minecraft:crouch_one_cm":518738,"minecraft:interact_with_smoker":7,"minecraft:inspect_dispenser":15,"minecraft:interact_with_smithing_table":3,"minecraft:interact_with_anvil":5,"minecraft:mob_kills":1054,"minecraft:climb_one_cm":98719,"minecraft:walk_one_cm":5483472,"minecraft:raid_win":1,"minecraft:sneak_time":185548,"minecraft:walk_under_water_one_cm":680064,"minecraft:boat_one_cm":346654,"minecraft:interact_with_blast_furnace":8,"minecraft:total_world_time":2402256,"minecraft:interact_with_stonecutter":19,"minecraft:interact_with_grindstone":14,"minecraft:time_since_rest":49235,"minecraft:damage_absorbed":119,"minecraft:damage_taken":41087,"minecraft:swim_one_cm":435591,"minecraft:fly_one_cm":6550390,"minecraft:open_chest":523,"minecraft:fall_one_cm":991362},"minecraft:crafted":{"minecraft:brick":100,"minecraft:smooth_stone":6,"minecraft:oak_planks":60,"minecraft:birch_boat":4,"minecraft:purple_glazed_terracotta":7,"minecraft:birch_slab":18,"minecraft:slime_block":96,"minecraft:stone":14,"minecraft:cobblestone_stairs":13,"minecraft:bookshelf":1,"minecraft:quartz_pillar":12,"minecraft:quartz_block":12,"minecraft:glass":18,"minecraft:hopper":9,"minecraft:diamond_helmet":2,"minecraft:diamond_leggings":1,"minecraft:iron_boots":11,"minecraft:birch_fence_gate":123,"minecraft:chest":24,"minecraft:chiseled_stone_bricks":112,"minecraft:bricks":25,"minecraft:oak_slab":6,"minecraft:emerald":615,"minecraft:cooked_porkchop":114,"minecraft:crafting_table":10,"minecraft:acacia_slab":6,"minecraft:wooden_pickaxe":1,"minecraft:iron_helmet":3,"minecraft:smithing_table":1,"minecraft:copper_ingot":81,"minecraft:birch_planks":832,"minecraft:campfire":9,"minecraft:apple":4,"minecraft:paper":1005,"minecraft:iron_chestplate":4,"minecraft:diamond_pickaxe":2,"minecraft:shield":1,"minecraft:birch_fence":72,"minecraft:stick":644,"minecraft:iron_ingot":136,"minecraft:iron_pickaxe":19,"minecraft:gold_ingot":16,"minecraft:sandstone":239,"minecraft:composter":1,"minecraft:sandstone_stairs":52,"minecraft:golden_carrot":57,"minecraft:stone_shovel":2,"minecraft:smooth_stone_slab":6,"minecraft:diamond_hoe":1,"minecraft:acacia_fence_gate":3,"minecraft:wind_charge":56,"minecraft:furnace":2,"minecraft:blast_furnace":1,"minecraft:bone_meal":36,"minecraft:iron_axe":5,"minecraft:stone_pickaxe":1,"minecraft:diamond_boots":1,"minecraft:wheat":144,"minecraft:diamond_sword":2,"minecraft:iron_sword":1,"minecraft:bucket":3,"minecraft:enchanted_book":2,"minecraft:air":0,"minecraft:acacia_boat":1,"minecraft:bread":1223,"minecraft:oak_fence_gate":6,"minecraft:white_wool":50,"minecraft:golden_apple":2,"minecraft:acacia_sign":9,"minecraft:chainmail_boots":5,"minecraft:birch_trapdoor":4,"minecraft:iron_leggings":3,"minecraft:stonecutter":2,"minecraft:white_bed":17,"minecraft:acacia_planks":192,"minecraft:torch":28,"minecraft:diamond_chestplate":1},"minecraft:broken":{"minecraft:diamond_helmet":3,"minecraft:iron_boots":2,"minecraft:diamond_boots":2,"minecraft:iron_sword":1,"minecraft:diamond_chestplate":2,"minecraft:diamond_leggings":1,"minecraft:shield":2,"minecraft:iron_axe":3,"minecraft:iron_pickaxe":19,"minecraft:iron_helmet":2}},"DataVersion":3953}