{"stats":{"minecraft:picked_up":{"minecraft:iron_chestplate":8,"minecraft:wheat":44,"minecraft:nether_brick_fence":2,"minecraft:chainmail_boots":7,"minecraft:flower_pot":1,"minecraft:lead":2,"minecraft:diamond_sword":4,"minecraft:smithing_table":7,"minecraft:enchanted_book":5,"minecraft:potion":9,"minecraft:string":199,"minecraft:raw_copper":110,"minecraft:cooked_salmon":11,"minecraft:iron_leggings":5,"minecraft:sea_pickle":2,"minecraft:diamond_leggings":13,"minecraft:red_sand":13,"minecraft:cobbled_deepslate":43,"minecraft:bucket":1,"minecraft:trial_key":6,"minecraft:redstone_torch":1,"minecraft:iron_pickaxe":13,"minecraft:enchanted_golden_apple":3,"minecraft:iron_boots":7,"minecraft:furnace":10,"minecraft:tipped_arrow":177,"minecraft:golden_helmet":1,"minecraft:stick":358,"minecraft:jungle_door":2,"minecraft:composter":6,"minecraft:birch_trapdoor":16,"minecraft:brown_terracotta":15,"minecraft:torch":101,"minecraft:acacia_log":88,"minecraft:green_bed":48,"minecraft:porkchop":9,"minecraft:golden_axe":1,"minecraft:diorite":30,"minecraft:stone_sword":1,"minecraft:cactus":8,"minecraft:honey_bottle":1,"minecraft:rotten_flesh":138,"minecraft:armadillo_scute":4,"minecraft:white_terracotta":27,"minecraft:blaze_rod":101,"minecraft:cobblestone":834,"minecraft:birch_log":274,"minecraft:enchanting_table":1,"minecraft:magma_cream":1,"minecraft:magma_block":2,"minecraft:dune_armor_trim_smithing_template":4,"minecraft:cooked_beef":17,"minecraft:black_bed":4,"minecraft:jungle_log":3,"minecraft:birch_slab":54,"minecraft:water_bucket":21,"minecraft:andesite":4,"minecraft:potato":14,"minecraft:wither_skeleton_skull":1,"minecraft:tuff":1,"minecraft:smooth_sandstone_stairs":1,"minecraft:magenta_bed":34,"minecraft:acacia_boat":15,"minecraft:magenta_terracotta":12,"minecraft:lapis_lazuli":113,"minecraft:dirt":998,"minecraft:name_tag":5,"minecraft:bone":232,"minecraft:acacia_planks":13,"minecraft:bow":7,"minecraft:stonecutter":4,"minecraft:wheat_seeds":158,"minecraft:raw_gold":16,"minecraft:bell":3,"minecraft:glowstone_dust":25,"minecraft:diamond_helmet":14,"minecraft:fletching_table":9,"minecraft:rabbit":2,"minecraft:bamboo":2,"minecraft:powered_rail":7,"minecraft:oak_planks":36,"minecraft:cooked_porkchop":10,"minecraft:waxed_oxidized_copper_bulb":1,"minecraft:birch_fence_gate":75,"minecraft:sand":1302,"minecraft:jungle_slab":1,"minecraft:loom":3,"minecraft:cyan_bed":20,"minecraft:chiseled_sandstone":1,"minecraft:light_gray_terracotta":149,"minecraft:dispenser":1,"minecraft:diamond":17,"minecraft:crossbow":16,"minecraft:breeze_rod":49,"minecraft:golden_apple":27,"minecraft:emerald":171,"minecraft:bread":382,"minecraft:music_disc_precipice":1,"minecraft:oak_sapling":18,"minecraft:netherrack":473,"minecraft:dark_oak_fence":2,"minecraft:ominous_trial_key":13,"minecraft:diamond_pickaxe":5,"minecraft:magenta_glazed_terracotta":3,"minecraft:crafting_table":54,"minecraft:sandstone_slab":1051,"minecraft:ominous_bottle":4,"minecraft:clay_ball":1,"minecraft:wooden_pickaxe":2,"minecraft:music_disc_creator":4,"minecraft:shield":9,"minecraft:wind_charge":28,"minecraft:iron_axe":9,"minecraft:quartz_slab":8,"minecraft:iron_shovel":3,"minecraft:birch_fence":73,"minecraft:blackstone":1,"minecraft:cartography_table":16,"minecraft:oak_boat":1,"minecraft:jungle_sapling":4,"minecraft:poppy":108,"minecraft:minecart":31,"minecraft:sugar_cane":1052,"minecraft:chest":21,"minecraft:birch_sapling":36,"minecraft:phantom_membrane":12,"minecraft:diamond_hoe":1,"minecraft:egg":4,"minecraft:raw_iron":189,"minecraft:sandstone":2031,"minecraft:stone":16,"minecraft:copper_ingot":2,"minecraft:cake":1,"minecraft:redstone":48,"minecraft:stone_pressure_plate":1,"minecraft:dark_oak_planks":2,"minecraft:smooth_sandstone_slab":30,"minecraft:tnt":10,"minecraft:arrow":862,"minecraft:stone_shovel":4,"minecraft:diamond_chestplate":10,"minecraft:beetroot_seeds":1,"minecraft:pumpkin_pie":2,"minecraft:shears":1,"minecraft:diamond_boots":8,"minecraft:hay_block":16,"minecraft:sandstone_stairs":9,"minecraft:yellow_terracotta":11,"minecraft:gold_ingot":21,"minecraft:saddle":2,"minecraft:flow_armor_trim_smithing_template":2,"minecraft:totem_of_undying":11,"minecraft:rail":85,"minecraft:white_wool":2,"minecraft:lime_bed":80,"minecraft:basalt":25,"minecraft:golden_carrot":116,"minecraft:salmon":1,"minecraft:leather":2,"minecraft:cut_sandstone":8,"minecraft:birch_planks":119,"minecraft:filled_map":1,"minecraft:oak_log":21,"minecraft:chainmail_chestplate":1,"minecraft:waxed_copper_block":1,"minecraft:gunpowder":45,"minecraft:cobblestone_stairs":584,"minecraft:paper":64,"minecraft:white_banner":7,"minecraft:orange_terracotta":714,"minecraft:smooth_sandstone":12,"minecraft:apple":12,"minecraft:rabbit_hide":1,"minecraft:iron_ingot":834,"minecraft:stone_pickaxe":1,"minecraft:glass_bottle":38,"minecraft:iron_sword":9,"minecraft:acacia_sapling":37,"minecraft:soul_sand":84,"minecraft:book":16,"minecraft:oak_slab":11,"minecraft:birch_boat":13,"minecraft:pumpkin":15,"minecraft:chiseled_stone_bricks":148,"minecraft:quartz":101,"minecraft:waxed_exposed_copper_bulb":1,"minecraft:gravel":32,"minecraft:blast_furnace":20,"minecraft:white_bed":271,"minecraft:spider_eye":55,"minecraft:slime_ball":826,"minecraft:polished_diorite":11,"minecraft:chainmail_leggings":2,"minecraft:iron_helmet":3,"minecraft:diamond_axe":9,"minecraft:terracotta":6241,"minecraft:baked_potato":45,"minecraft:coal":467,"minecraft:ender_pearl":9},"minecraft:killed":{"minecraft:cave_spider":3,"minecraft:witch":1,"minecraft:spider":72,"minecraft:skeleton":31,"minecraft:silverfish":17,"minecraft:magma_cube":15,"minecraft:piglin":5,"minecraft:pig":5,"minecraft:creeper":21,"minecraft:pillager":10,"minecraft:zombie":53,"minecraft:stray":69,"minecraft:blaze":47,"minecraft:evoker":1,"minecraft:vindicator":7,"minecraft:slime":683,"minecraft:phantom":6,"minecraft:drowned":16,"minecraft:husk":44,"minecraft:rabbit":1,"minecraft:ravager":1,"minecraft:breeze":9,"minecraft:wither_skeleton":22,"minecraft:enderman":2},"minecraft:mined":{"minecraft:dark_oak_planks":2,"minecraft:white_bed":268,"minecraft:stone_pressure_plate":1,"minecraft:jungle_slab":1,"minecraft:sculk_vein":2,"minecraft:cobblestone_stairs":46,"minecraft:jungle_leaves":2,"minecraft:granite":2,"minecraft:red_sand":8,"minecraft:acacia_log":77,"minecraft:grass_block":3,"minecraft:polished_diorite":11,"minecraft:composter":5,"minecraft:chiseled_stone_bricks":148,"minecraft:tuff_bricks":2,"minecraft:sandstone_stairs":9,"minecraft:magma_block":3,"minecraft:glowstone":8,"minecraft:iron_ore":186,"minecraft:fire":25,"minecraft:cobbled_deepslate":1,"minecraft:polished_tuff":2,"minecraft:waxed_oxidized_copper_bulb":1,"minecraft:pumpkin":7,"minecraft:deepslate_lapis_ore":8,"minecraft:enchanting_table":1,"minecraft:cave_vines":1,"minecraft:quartz_slab":4,"minecraft:smooth_sandstone_stairs":1,"minecraft:green_bed":44,"minecraft:sandstone_slab":336,"minecraft:cut_sandstone":9,"minecraft:jungle_door":1,"minecraft:blackstone":1,"minecraft:soul_fire":3,"minecraft:orange_terracotta":583,"minecraft:torch":12,"minecraft:light_gray_terracotta":91,"minecraft:blast_furnace":20,"minecraft:chest":16,"minecraft:dead_bush":87,"minecraft:nether_quartz_ore":77,"minecraft:cobblestone":209,"minecraft:sugar_cane":520,"minecraft:cyan_bed":17,"minecraft:smooth_sandstone_slab":12,"minecraft:wall_torch":11,"minecraft:white_terracotta":30,"minecraft:waxed_copper_bulb":1,"minecraft:powered_rail":2,"minecraft:birch_log":174,"minecraft:light_gray_stained_glass":1,"minecraft:wheat":39,"minecraft:magenta_bed":34,"minecraft:birch_trapdoor":8,"minecraft:black_bed":4,"minecraft:magenta_glazed_terracotta":3,"minecraft:waxed_copper_block":2,"minecraft:tnt":9,"minecraft:oak_log":22,"minecraft:waxed_oxidized_copper":1,"minecraft:loom":3,"minecraft:sand":264,"minecraft:dirt":78,"minecraft:dispenser":1,"minecraft:stonecutter":4,"minecraft:netherrack":381,"minecraft:oak_leaves":58,"minecraft:deepslate":41,"minecraft:diamond_ore":2,"minecraft:tuff":32,"minecraft:deepslate_diamond_ore":5,"minecraft:birch_fence_gate":30,"minecraft:dark_oak_fence":2,"minecraft:decorated_pot":11,"minecraft:birch_slab":17,"minecraft:moss_block":1,"minecraft:sandstone":1324,"minecraft:hay_block":16,"minecraft:furnace":9,"minecraft:waxed_copper_grate":2,"minecraft:chiseled_sandstone":1,"minecraft:andesite":28,"minecraft:nether_brick_fence":2,"minecraft:gold_block":1,"minecraft:bell":2,"minecraft:bookshelf":5,"minecraft:potatoes":3,"minecraft:rail":66,"minecraft:stone":839,"minecraft:cake":2,"minecraft:redstone_wall_torch":1,"minecraft:smithing_table":6,"minecraft:oak_slab":7,"minecraft:waxed_exposed_copper_bulb":1,"minecraft:acacia_leaves":43,"minecraft:soul_sand":23,"minecraft:basalt":15,"minecraft:smooth_sandstone":13,"minecraft:crafting_table":49,"minecraft:short_grass":7,"minecraft:emerald_ore":7,"minecraft:copper_ore":26,"minecraft:lapis_ore":5,"minecraft:diorite":20,"minecraft:cactus":1,"minecraft:birch_planks":136,"minecraft:lime_bed":76,"minecraft:waxed_oxidized_copper_grate":2,"minecraft:magenta_terracotta":12,"minecraft:birch_leaves":70,"minecraft:coal_ore":163,"minecraft:flower_pot":1,"minecraft:gravel":25,"minecraft:cobweb":95,"minecraft:terracotta":4193,"minecraft:gold_ore":16,"minecraft:acacia_wall_sign":1,"minecraft:birch_fence":1},"minecraft:broken":{"minecraft:diamond_helmet":3,"minecraft:iron_boots":2,"minecraft:diamond_boots":2,"minecraft:iron_sword":1,"minecraft:diamond_chestplate":2,"minecraft:diamond_leggings":1,"minecraft:shield":2,"minecraft:iron_axe":3,"minecraft:iron_pickaxe":19,"minecraft:iron_helmet":2},"minecraft:crafted":{"minecraft:brick":300,"minecraft:smooth_stone":9,"minecraft:oak_planks":60,"minecraft:birch_boat":4,"minecraft:purple_glazed_terracotta":7,"minecraft:birch_slab":18,"minecraft:slime_block":96,"minecraft:loom":3,"minecraft:stone":24,"minecraft:cobblestone_stairs":13,"minecraft:bookshelf":5,"minecraft:quartz_pillar":12,"minecraft:cake":7,"minecraft:quartz_block":66,"minecraft:glass":21,"minecraft:hopper":9,"minecraft:diamond_helmet":3,"minecraft:diamond_leggings":2,"minecraft:bow":2,"minecraft:iron_boots":21,"minecraft:birch_fence_gate":123,"minecraft:chest":24,"minecraft:copper_block":9,"minecraft:chiseled_stone_bricks":272,"minecraft:bricks":75,"minecraft:birch_button":1,"minecraft:black_wool":12,"minecraft:oak_slab":6,"minecraft:emerald":1478,"minecraft:cooked_porkchop":239,"minecraft:crafting_table":10,"minecraft:acacia_slab":6,"minecraft:wooden_pickaxe":1,"minecraft:iron_helmet":6,"minecraft:lime_banner":7,"minecraft:smithing_table":1,"minecraft:copper_ingot":81,"minecraft:birch_planks":892,"minecraft:campfire":9,"minecraft:dispenser":1,"minecraft:apple":4,"minecraft:dark_oak_sapling":8,"minecraft:iron_chestplate":4,"minecraft:paper":1005,"minecraft:diamond_pickaxe":2,"minecraft:shield":1,"minecraft:birch_fence":72,"minecraft:stick":644,"minecraft:iron_ingot":136,"minecraft:iron_pickaxe":19,"minecraft:iron_block":3,"minecraft:gold_ingot":16,"minecraft:sandstone":239,"minecraft:black_bed":4,"minecraft:cyan_carpet":112,"minecraft:redstone_torch":1,"minecraft:composter":2,"minecraft:shears":20,"minecraft:nautilus_shell":5,"minecraft:packed_ice":6,"minecraft:sandstone_stairs":52,"minecraft:golden_carrot":57,"minecraft:cookie":144,"minecraft:stone_shovel":2,"minecraft:smooth_stone_slab":6,"minecraft:diamond_hoe":1,"minecraft:acacia_fence_gate":3,"minecraft:wind_charge":56,"minecraft:furnace":2,"minecraft:blast_furnace":2,"minecraft:cherry_sapling":8,"minecraft:bone_meal":36,"minecraft:orange_wool":4,"minecraft:polished_diorite":32,"minecraft:iron_axe":5,"minecraft:stone_pickaxe":1,"minecraft:diamond_boots":2,"minecraft:chainmail_leggings":28,"minecraft:minecart":5,"minecraft:wheat":144,"minecraft:dripstone_block":32,"minecraft:magenta_bed":6,"minecraft:diamond_sword":2,"minecraft:iron_sword":1,"minecraft:black_banner":7,"minecraft:sandstone_slab":12,"minecraft:bucket":3,"minecraft:brown_terracotta":7,"minecraft:glowstone":5,"minecraft:enchanted_book":9,"minecraft:air":0,"minecraft:acacia_boat":1,"minecraft:bread":1727,"minecraft:magenta_glazed_terracotta":7,"minecraft:oak_fence_gate":6,"minecraft:magenta_terracotta":12,"minecraft:white_wool":53,"minecraft:golden_apple":2,"minecraft:acacia_sign":9,"minecraft:chainmail_boots":19,"minecraft:birch_trapdoor":8,"minecraft:iron_leggings":3,"minecraft:stonecutter":3,"minecraft:anvil":1,"minecraft:white_bed":18,"minecraft:pumpkin_pie":40,"minecraft:acacia_planks":192,"minecraft:torch":56,"minecraft:diamond_chestplate":2},"minecraft:custom":{"minecraft:interact_with_crafting_table":183,"minecraft:open_barrel":12,"minecraft:bell_ring":70,"minecraft:eat_cake_slice":11,"minecraft:leave_game":34,"minecraft:time_since_death":480022,"minecraft:sprint_one_cm":4835675,"minecraft:damage_blocked_by_shield":4939,"minecraft:drop":671,"minecraft:talked_to_villager":433,"minecraft:play_time":2833081,"minecraft:deaths":23,"minecraft:jump":45509,"minecraft:walk_on_water_one_cm":1225336,"minecraft:enchant_item":24,"minecraft:interact_with_furnace":92,"minecraft:play_record":4,"minecraft:traded_with_villager":2283,"minecraft:interact_with_loom":1,"minecraft:sleep_in_bed":55,"minecraft:damage_dealt":92386,"minecraft:player_kills":1,"minecraft:crouch_one_cm":561189,"minecraft:interact_with_smoker":7,"minecraft:inspect_dispenser":27,"minecraft:interact_with_smithing_table":3,"minecraft:interact_with_anvil":7,"minecraft:mob_kills":1183,"minecraft:climb_one_cm":99109,"minecraft:walk_one_cm":6467457,"minecraft:raid_win":1,"minecraft:sneak_time":200611,"minecraft:walk_under_water_one_cm":817055,"minecraft:boat_one_cm":346654,"minecraft:interact_with_blast_furnace":9,"minecraft:total_world_time":2833081,"minecraft:interact_with_stonecutter":24,"minecraft:interact_with_grindstone":26,"minecraft:time_since_rest":130610,"minecraft:damage_absorbed":119,"minecraft:damage_taken":46759,"minecraft:swim_one_cm":551728,"minecraft:fly_one_cm":8447185,"minecraft:open_chest":712,"minecraft:fall_one_cm":1278488},"minecraft:used":{"minecraft:iron_shovel":144,"minecraft:dispenser":2,"minecraft:diamond_hoe":6,"minecraft:chest":30,"minecraft:shield":95,"minecraft:white_terracotta":11,"minecraft:iron_sword":408,"minecraft:smooth_sandstone_stairs":1,"minecraft:rotten_flesh":23,"minecraft:bell":3,"minecraft:iron_chestplate":2,"minecraft:soul_sand":9,"minecraft:acacia_sapling":11,"minecraft:honey_bottle":2,"minecraft:glass":9,"minecraft:lava_bucket":3,"minecraft:quartz_slab":140,"minecraft:birch_sapling":27,"minecraft:iron_helmet":1,"minecraft:waxed_exposed_copper_bulb":1,"minecraft:birch_trapdoor":10,"minecraft:birch_button":1,"minecraft:bow":106,"minecraft:magma_block":1,"minecraft:ominous_bottle":3,"minecraft:oak_sapling":16,"minecraft:furnace":9,"minecraft:egg":4,"minecraft:potato":8,"minecraft:diamond_boots":2,"minecraft:blackstone":1,"minecraft:stone_pickaxe":85,"minecraft:powered_rail":3,"minecraft:cactus":1,"minecraft:ender_pearl":5,"minecraft:sandstone":1036,"minecraft:wooden_pickaxe":33,"minecraft:composter":6,"minecraft:sugar_cane":21,"minecraft:diamond_axe":309,"minecraft:golden_apple":4,"minecraft:glow_berries":10,"minecraft:sand":37,"minecraft:loom":5,"minecraft:blast_furnace":21,"minecraft:light_gray_terracotta":85,"minecraft:crossbow":97,"minecraft:black_bed":8,"minecraft:birch_fence":49,"minecraft:redstone_torch":2,"minecraft:birch_fence_gate":126,"minecraft:birch_slab":18,"minecraft:bread":453,"minecraft:cyan_bed":17,"minecraft:gravel":1,"minecraft:diamond_sword":1079,"minecraft:dark_oak_fence":2,"minecraft:smithing_table":6,"minecraft:andesite":1,"minecraft:bone_meal":34,"minecraft:enchanting_table":1,"minecraft:acacia_log":9,"minecraft:stone_shovel":21,"minecraft:cooked_salmon":11,"minecraft:trial_key":6,"minecraft:cooked_chicken":1,"minecraft:netherrack":327,"minecraft:torch":114,"minecraft:dirt":1830,"minecraft:anvil":1,"minecraft:hopper":9,"minecraft:diamond_helmet":4,"minecraft:oak_fence_gate":6,"minecraft:polished_diorite":43,"minecraft:dark_oak_planks":1,"minecraft:bookshelf":5,"minecraft:iron_axe":621,"minecraft:smooth_sandstone":12,"minecraft:iron_boots":1,"minecraft:diamond_chestplate":1,"minecraft:basalt":25,"minecraft:golden_carrot":72,"minecraft:magenta_terracotta":12,"minecraft:cooked_beef":5,"minecraft:cobbled_deepslate":19,"minecraft:orange_terracotta":561,"minecraft:wheat_seeds":38,"minecraft:acacia_boat":15,"minecraft:water_bucket":708,"minecraft:cobblestone_stairs":264,"minecraft:sandstone_stairs":61,"minecraft:birch_planks":128,"minecraft:baked_potato":23,"minecraft:smooth_sandstone_slab":15,"minecraft:birch_boat":13,"minecraft:cut_sandstone":8,"minecraft:green_bed":42,"minecraft:stonecutter":7,"minecraft:rail":63,"minecraft:terracotta":3845,"minecraft:lime_bed":76,"minecraft:oak_slab":8,"minecraft:crafting_table":58,"minecraft:magenta_bed":38,"minecraft:white_bed":284,"minecraft:campfire":9,"minecraft:cake":4,"minecraft:flower_pot":1,"minecraft:diamond_pickaxe":4234,"minecraft:ominous_trial_key":6,"minecraft:acacia_sign":10,"minecraft:wind_charge":96,"minecraft:iron_pickaxe":4771,"minecraft:acacia_fence_gate":3,"minecraft:chiseled_stone_bricks":232,"minecraft:cobblestone":396,"minecraft:potion":5,"minecraft:cooked_porkchop":178,"minecraft:jungle_door":2,"minecraft:bucket":713,"minecraft:sandstone_slab":848,"minecraft:magenta_glazed_terracotta":10,"minecraft:pumpkin_pie":40,"minecraft:waxed_oxidized_copper_bulb":1,"minecraft:diamond_leggings":2},"minecraft:killed_by":{"minecraft:evoker":1,"minecraft:creeper":2,"minecraft:vindicator":3,"minecraft:zombie":1,"minecraft:vex":4,"minecraft:husk":2,"minecraft:player":3,"minecraft:enderman":1,"minecraft:skeleton":3,"minecraft:phantom":1},"minecraft:dropped":{"minecraft:soul_sand":15,"minecraft:birch_planks":4,"minecraft:diamond_axe":1,"minecraft:cooked_beef":12,"minecraft:baked_potato":7,"minecraft:glass_bottle":19,"minecraft:cooked_porkchop":79,"minecraft:sandstone_slab":13,"minecraft:crossbow":4,"minecraft:cookie":36,"minecraft:fletching_table":1,"minecraft:cobblestone_stairs":114,"minecraft:emerald":41,"minecraft:jungle_sapling":1,"minecraft:pumpkin_pie":2,"minecraft:bone_meal":2,"minecraft:sand":123,"minecraft:iron_pickaxe":2,"minecraft:bone":40,"minecraft:gravel":16,"minecraft:sugar_cane":7,"minecraft:wheat":6,"minecraft:birch_sapling":3,"minecraft:rotten_flesh":89,"minecraft:oak_planks":34,"minecraft:salmon":1,"minecraft:chainmail_chestplate":1,"minecraft:chiseled_stone_bricks":1,"minecraft:poppy":725,"minecraft:rabbit_hide":1,"minecraft:lime_bed":1,"minecraft:tipped_arrow":127,"minecraft:birch_trapdoor":9,"minecraft:beetroot_seeds":1,"minecraft:acacia_sapling":8,"minecraft:chainmail_boots":16,"minecraft:arrow":48,"minecraft:iron_ingot":68,"minecraft:bread":1437,"minecraft:wheat_seeds":12,"minecraft:golden_helmet":1,"minecraft:diamond_leggings":2,"minecraft:iron_helmet":4,"minecraft:yellow_terracotta":11,"minecraft:cobblestone":104,"minecraft:copper_ingot":1,"minecraft:ominous_trial_key":4,"minecraft:acacia_log":2,"minecraft:coal":3,"minecraft:stick":82,"minecraft:diorite":15,"minecraft:torch":2,"minecraft:rabbit":2,"minecraft:diamond_helmet":6,"minecraft:iron_leggings":3,"minecraft:potion":2,"minecraft:brown_terracotta":15,"minecraft:armadillo_scute":2,"minecraft:white_banner":6,"minecraft:iron_axe":2,"minecraft:cactus":7,"minecraft:iron_shovel":2,"minecraft:chainmail_leggings":30,"minecraft:paper":64,"minecraft:string":23,"minecraft:stone_sword":1,"minecraft:raw_copper":12,"minecraft:light_gray_terracotta":3,"minecraft:green_bed":1,"minecraft:diamond_hoe":1,"minecraft:raw_iron":2,"minecraft:composter":2,"minecraft:stone_shovel":1,"minecraft:wither_skeleton_skull":1,"minecraft:iron_boots":13,"minecraft:name_tag":1,"minecraft:totem_of_undying":1,"minecraft:shears":15,"minecraft:potato":6,"minecraft:shield":1,"minecraft:sea_pickle":2,"minecraft:diamond_chestplate":1,"minecraft:orange_terracotta":5,"minecraft:diamond_pickaxe":2,"minecraft:iron_chestplate":4,"minecraft:oak_boat":1,"minecraft:oak_sapling":1,"minecraft:spider_eye":40,"minecraft:bamboo":2,"minecraft:birch_boat":1,"minecraft:slime_ball":12,"minecraft:sandstone":1,"minecraft:bow":5,"minecraft:red_sand":2,"minecraft:cyan_bed":1,"minecraft:terracotta":16}},"DataVersion":3953}