{"stats":{"minecraft:killed_by":{"minecraft:creeper":1,"minecraft:zombie":1,"minecraft:husk":1,"minecraft:player":3,"minecraft:enderman":1,"minecraft:skeleton":3},"minecraft:broken":{"minecraft:iron_boots":1,"minecraft:iron_axe":2,"minecraft:iron_pickaxe":16,"minecraft:iron_helmet":1},"minecraft:used":{"minecraft:iron_shovel":144,"minecraft:chest":12,"minecraft:shield":3,"minecraft:white_terracotta":1,"minecraft:iron_sword":148,"minecraft:bell":2,"minecraft:smooth_sandstone_stairs":1,"minecraft:rotten_flesh":23,"minecraft:soul_sand":5,"minecraft:acacia_sapling":11,"minecraft:glass":6,"minecraft:lava_bucket":3,"minecraft:birch_sapling":8,"minecraft:birch_trapdoor":3,"minecraft:furnace":7,"minecraft:oak_sapling":16,"minecraft:egg":4,"minecraft:stone_pickaxe":85,"minecraft:cactus":1,"minecraft:wooden_pickaxe":33,"minecraft:sandstone":1036,"minecraft:composter":5,"minecraft:sugar_cane":11,"minecraft:glow_berries":10,"minecraft:sand":34,"minecraft:blast_furnace":14,"minecraft:light_gray_terracotta":5,"minecraft:birch_fence":12,"minecraft:birch_fence_gate":26,"minecraft:birch_slab":18,"minecraft:cyan_bed":16,"minecraft:bread":201,"minecraft:gravel":1,"minecraft:smithing_table":6,"minecraft:dark_oak_fence":2,"minecraft:andesite":1,"minecraft:bone_meal":34,"minecraft:acacia_log":9,"minecraft:stone_shovel":14,"minecraft:cooked_salmon":11,"minecraft:netherrack":203,"minecraft:torch":42,"minecraft:dirt":26,"minecraft:hopper":9,"minecraft:oak_fence_gate":6,"minecraft:dark_oak_planks":1,"minecraft:iron_axe":545,"minecraft:smooth_sandstone":12,"minecraft:orange_terracotta":82,"minecraft:wheat_seeds":38,"minecraft:acacia_boat":15,"minecraft:water_bucket":189,"minecraft:cobblestone_stairs":173,"minecraft:sandstone_stairs":61,"minecraft:birch_planks":125,"minecraft:smooth_sandstone_slab":15,"minecraft:cut_sandstone":8,"minecraft:stonecutter":1,"minecraft:green_bed":41,"minecraft:terracotta":1216,"minecraft:crafting_table":39,"minecraft:oak_slab":8,"minecraft:lime_bed":67,"minecraft:white_bed":78,"minecraft:campfire":9,"minecraft:flower_pot":1,"minecraft:acacia_sign":10,"minecraft:iron_pickaxe":4074,"minecraft:acacia_fence_gate":3,"minecraft:cobblestone":278,"minecraft:cooked_porkchop":13,"minecraft:jungle_door":2,"minecraft:sandstone_slab":280,"minecraft:bucket":193},"minecraft:custom":{"minecraft:interact_with_crafting_table":96,"minecraft:bell_ring":66,"minecraft:leave_game":23,"minecraft:time_since_death":117835,"minecraft:sprint_one_cm":1654724,"minecraft:damage_blocked_by_shield":195,"minecraft:drop":125,"minecraft:talked_to_villager":87,"minecraft:play_time":1190128,"minecraft:deaths":11,"minecraft:jump":15838,"minecraft:walk_on_water_one_cm":379364,"minecraft:interact_with_furnace":63,"minecraft:traded_with_villager":156,"minecraft:sleep_in_bed":23,"minecraft:damage_dealt":14406,"minecraft:player_kills":1,"minecraft:crouch_one_cm":262109,"minecraft:interact_with_smoker":7,"minecraft:mob_kills":69,"minecraft:interact_with_anvil":1,"minecraft:climb_one_cm":15510,"minecraft:walk_one_cm":2380471,"minecraft:sneak_time":105695,"minecraft:walk_under_water_one_cm":225358,"minecraft:boat_one_cm":175031,"minecraft:interact_with_blast_furnace":7,"minecraft:total_world_time":1190128,"minecraft:interact_with_stonecutter":8,"minecraft:time_since_rest":43156,"minecraft:damage_taken":11835,"minecraft:swim_one_cm":214519,"minecraft:fly_one_cm":2792286,"minecraft:open_chest":155,"minecraft:fall_one_cm":414453},"minecraft:dropped":{"minecraft:cooked_porkchop":2,"minecraft:bone_meal":2,"minecraft:sand":123,"minecraft:iron_pickaxe":2,"minecraft:bone":4,"minecraft:gravel":1,"minecraft:wheat":2,"minecraft:rotten_flesh":18,"minecraft:rabbit_hide":1,"minecraft:lime_bed":1,"minecraft:birch_trapdoor":4,"minecraft:beetroot_seeds":1,"minecraft:acacia_sapling":1,"minecraft:chainmail_boots":1,"minecraft:arrow":2,"minecraft:bread":215,"minecraft:wheat_seeds":12,"minecraft:iron_helmet":1,"minecraft:cobblestone":5,"minecraft:stick":7,"minecraft:rabbit":2,"minecraft:cactus":7,"minecraft:iron_shovel":2,"minecraft:string":2,"minecraft:oak_boat":1,"minecraft:oak_sapling":1,"minecraft:spider_eye":1,"minecraft:bamboo":2,"minecraft:sandstone":1,"minecraft:cyan_bed":1,"minecraft:terracotta":4},"minecraft:picked_up":{"minecraft:iron_chestplate":3,"minecraft:wheat":40,"minecraft:chainmail_boots":4,"minecraft:flower_pot":1,"minecraft:smithing_table":6,"minecraft:enchanted_book":2,"minecraft:string":76,"minecraft:cooked_salmon":11,"minecraft:iron_leggings":3,"minecraft:diamond_leggings":1,"minecraft:red_sand":4,"minecraft:iron_pickaxe":6,"minecraft:iron_boots":2,"minecraft:furnace":7,"minecraft:golden_helmet":1,"minecraft:stick":74,"minecraft:jungle_door":2,"minecraft:composter":4,"minecraft:birch_trapdoor":9,"minecraft:green_bed":42,"minecraft:torch":42,"minecraft:acacia_log":86,"minecraft:porkchop":9,"minecraft:diorite":15,"minecraft:cactus":8,"minecraft:rotten_flesh":53,"minecraft:armadillo_scute":1,"minecraft:white_terracotta":1,"minecraft:cobblestone":581,"minecraft:birch_log":53,"minecraft:dune_armor_trim_smithing_template":4,"minecraft:andesite":1,"minecraft:water_bucket":2,"minecraft:birch_slab":36,"minecraft:jungle_log":3,"minecraft:smooth_sandstone_stairs":1,"minecraft:acacia_boat":15,"minecraft:dirt":26,"minecraft:name_tag":2,"minecraft:bone":20,"minecraft:acacia_planks":13,"minecraft:wheat_seeds":158,"minecraft:raw_gold":16,"minecraft:bell":3,"minecraft:diamond_helmet":1,"minecraft:rabbit":2,"minecraft:bamboo":2,"minecraft:powered_rail":4,"minecraft:cooked_porkchop":10,"minecraft:birch_fence_gate":1,"minecraft:sand":292,"minecraft:cyan_bed":18,"minecraft:chiseled_sandstone":1,"minecraft:light_gray_terracotta":5,"minecraft:diamond":4,"minecraft:golden_apple":6,"minecraft:bread":131,"minecraft:emerald":21,"minecraft:oak_sapling":18,"minecraft:netherrack":255,"minecraft:dark_oak_fence":2,"minecraft:crafting_table":38,"minecraft:sandstone_slab":115,"minecraft:clay_ball":1,"minecraft:wooden_pickaxe":1,"minecraft:shield":3,"minecraft:iron_axe":4,"minecraft:iron_shovel":2,"minecraft:oak_boat":1,"minecraft:chest":10,"minecraft:sugar_cane":19,"minecraft:birch_sapling":14,"minecraft:phantom_membrane":4,"minecraft:egg":4,"minecraft:raw_iron":187,"minecraft:sandstone":1350,"minecraft:stone":2,"minecraft:stone_pressure_plate":1,"minecraft:dark_oak_planks":2,"minecraft:smooth_sandstone_slab":15,"minecraft:tnt":10,"minecraft:diamond_chestplate":1,"minecraft:arrow":4,"minecraft:stone_shovel":2,"minecraft:beetroot_seeds":1,"minecraft:diamond_boots":1,"minecraft:hay_block":16,"minecraft:sandstone_stairs":9,"minecraft:gold_ingot":21,"minecraft:rail":17,"minecraft:lime_bed":72,"minecraft:cut_sandstone":8,"minecraft:birch_planks":90,"minecraft:oak_log":21,"minecraft:chainmail_chestplate":1,"minecraft:gunpowder":20,"minecraft:cobblestone_stairs":43,"minecraft:orange_terracotta":82,"minecraft:smooth_sandstone":12,"minecraft:apple":12,"minecraft:rabbit_hide":1,"minecraft:iron_ingot":372,"minecraft:stone_pickaxe":1,"minecraft:soul_sand":39,"minecraft:acacia_sapling":15,"minecraft:iron_sword":2,"minecraft:oak_slab":11,"minecraft:pumpkin":15,"minecraft:gravel":17,"minecraft:blast_furnace":13,"minecraft:white_bed":76,"minecraft:spider_eye":2,"minecraft:iron_helmet":1,"minecraft:terracotta":1330,"minecraft:coal":367,"minecraft:ender_pearl":1},"minecraft:killed":{"minecraft:cave_spider":2,"minecraft:spider":2,"minecraft:skeleton":4,"minecraft:pig":5,"minecraft:zombie":25,"minecraft:phantom":2,"minecraft:drowned":8,"minecraft:husk":20,"minecraft:rabbit":1},"minecraft:mined":{"minecraft:dark_oak_planks":2,"minecraft:stone_pressure_plate":1,"minecraft:white_bed":75,"minecraft:cobblestone_stairs":31,"minecraft:jungle_leaves":2,"minecraft:red_sand":4,"minecraft:acacia_log":77,"minecraft:grass_block":3,"minecraft:composter":4,"minecraft:sandstone_stairs":9,"minecraft:magma_block":1,"minecraft:iron_ore":186,"minecraft:pumpkin":7,"minecraft:cave_vines":1,"minecraft:smooth_sandstone_stairs":1,"minecraft:green_bed":41,"minecraft:sandstone_slab":102,"minecraft:cut_sandstone":9,"minecraft:jungle_door":1,"minecraft:orange_terracotta":79,"minecraft:torch":12,"minecraft:light_gray_terracotta":5,"minecraft:blast_furnace":13,"minecraft:chest":4,"minecraft:dead_bush":37,"minecraft:cobblestone":124,"minecraft:cyan_bed":15,"minecraft:sugar_cane":6,"minecraft:smooth_sandstone_slab":12,"minecraft:wall_torch":7,"minecraft:white_terracotta":1,"minecraft:birch_log":53,"minecraft:wheat":39,"minecraft:birch_trapdoor":3,"minecraft:tnt":9,"minecraft:oak_log":22,"minecraft:sand":259,"minecraft:dirt":14,"minecraft:netherrack":250,"minecraft:oak_leaves":58,"minecraft:birch_fence_gate":1,"minecraft:dark_oak_fence":2,"minecraft:birch_slab":17,"minecraft:sandstone":1312,"minecraft:hay_block":16,"minecraft:furnace":6,"minecraft:chiseled_sandstone":1,"minecraft:andesite":1,"minecraft:gold_block":1,"minecraft:bell":2,"minecraft:stone":427,"minecraft:smithing_table":5,"minecraft:oak_slab":7,"minecraft:acacia_leaves":43,"minecraft:soul_sand":22,"minecraft:crafting_table":35,"minecraft:smooth_sandstone":13,"minecraft:short_grass":7,"minecraft:emerald_ore":7,"minecraft:diorite":15,"minecraft:lime_bed":68,"minecraft:birch_planks":133,"minecraft:cactus":1,"minecraft:birch_leaves":65,"minecraft:coal_ore":125,"minecraft:gravel":18,"minecraft:cobweb":61,"minecraft:terracotta":1373,"minecraft:gold_ore":16,"minecraft:acacia_wall_sign":1},"minecraft:crafted":{"minecraft:oak_planks":60,"minecraft:smooth_stone":6,"minecraft:birch_slab":18,"minecraft:stone":11,"minecraft:cobblestone_stairs":12,"minecraft:hopper":9,"minecraft:glass":18,"minecraft:iron_boots":10,"minecraft:birch_fence_gate":25,"minecraft:chest":18,"minecraft:oak_slab":6,"minecraft:emerald":84,"minecraft:cooked_porkchop":9,"minecraft:crafting_table":6,"minecraft:acacia_slab":6,"minecraft:wooden_pickaxe":1,"minecraft:iron_helmet":2,"minecraft:smithing_table":1,"minecraft:birch_planks":212,"minecraft:campfire":9,"minecraft:apple":4,"minecraft:iron_chestplate":3,"minecraft:shield":1,"minecraft:birch_fence":12,"minecraft:stick":192,"minecraft:iron_pickaxe":17,"minecraft:iron_ingot":136,"minecraft:gold_ingot":16,"minecraft:sandstone":11,"minecraft:composter":1,"minecraft:sandstone_stairs":52,"minecraft:stone_shovel":2,"minecraft:smooth_stone_slab":6,"minecraft:furnace":2,"minecraft:acacia_fence_gate":3,"minecraft:blast_furnace":1,"minecraft:bone_meal":36,"minecraft:iron_axe":3,"minecraft:stone_pickaxe":1,"minecraft:wheat":144,"minecraft:bucket":2,"minecraft:acacia_boat":1,"minecraft:bread":395,"minecraft:air":0,"minecraft:oak_fence_gate":6,"minecraft:white_wool":18,"minecraft:acacia_sign":9,"minecraft:chainmail_boots":5,"minecraft:birch_trapdoor":2,"minecraft:iron_leggings":3,"minecraft:stonecutter":1,"minecraft:white_bed":6,"minecraft:acacia_planks":192}},"DataVersion":3953}