{"stats":{"minecraft:broken":{"minecraft:diamond_helmet":3,"minecraft:iron_boots":2,"minecraft:diamond_pickaxe":4,"minecraft:iron_sword":1,"minecraft:diamond_leggings":1,"minecraft:shield":2,"minecraft:iron_axe":3,"minecraft:iron_pickaxe":19,"minecraft:iron_helmet":2,"minecraft:diamond_boots":2,"minecraft:diamond_chestplate":2},"minecraft:used":{"minecraft:dispenser":2,"minecraft:chest":30,"minecraft:rotten_flesh":23,"minecraft:soul_sand":26,"minecraft:acacia_sapling":11,"minecraft:lava_bucket":3,"minecraft:birch_sapling":27,"minecraft:quartz_block":1,"minecraft:waxed_exposed_copper_bulb":1,"minecraft:bow":181,"minecraft:ominous_bottle":3,"minecraft:furnace":9,"minecraft:oak_sapling":16,"minecraft:egg":4,"minecraft:potato":8,"minecraft:diorite":1,"minecraft:powered_rail":3,"minecraft:cactus":1,"minecraft:blackstone":9,"minecraft:wooden_pickaxe":33,"minecraft:composter":6,"minecraft:golden_apple":5,"minecraft:glow_berries":10,"minecraft:sand":81,"minecraft:blast_furnace":22,"minecraft:birch_fence":49,"minecraft:birch_slab":18,"minecraft:diamond_sword":1178,"minecraft:smithing_table":7,"minecraft:dark_oak_fence":2,"minecraft:iron_bars":2,"minecraft:enchanting_table":1,"minecraft:acacia_log":9,"minecraft:cooked_salmon":11,"minecraft:netherrack":671,"minecraft:sandstone_wall":1,"minecraft:trial_key":6,"minecraft:torch":170,"minecraft:brewing_stand":1,"minecraft:anvil":2,"minecraft:oak_fence_gate":6,"minecraft:polished_diorite":43,"minecraft:iron_axe":621,"minecraft:diamond_chestplate":1,"minecraft:basalt":25,"minecraft:glowstone":20,"minecraft:magenta_terracotta":12,"minecraft:cobbled_deepslate":27,"minecraft:orange_terracotta":561,"minecraft:wheat_seeds":38,"minecraft:water_bucket":780,"minecraft:sandstone_stairs":61,"minecraft:birch_planks":128,"minecraft:smooth_sandstone_slab":15,"minecraft:rail":83,"minecraft:oak_slab":8,"minecraft:crafting_table":61,"minecraft:campfire":9,"minecraft:white_bed":284,"minecraft:cake":4,"minecraft:diamond_pickaxe":14909,"minecraft:ominous_trial_key":6,"minecraft:acacia_sign":10,"minecraft:wind_charge":96,"minecraft:iron_pickaxe":4922,"minecraft:chiseled_stone_bricks":292,"minecraft:cobblestone":416,"minecraft:potion":5,"minecraft:cooked_porkchop":275,"minecraft:sandstone_slab":2382,"minecraft:diamond_leggings":2,"minecraft:iron_shovel":144,"minecraft:diamond_hoe":6,"minecraft:shield":95,"minecraft:white_terracotta":11,"minecraft:iron_sword":408,"minecraft:nether_wart":4,"minecraft:bell":3,"minecraft:smooth_sandstone_stairs":1,"minecraft:iron_chestplate":2,"minecraft:honey_bottle":2,"minecraft:glass":9,"minecraft:quartz_slab":666,"minecraft:iron_helmet":1,"minecraft:birch_button":1,"minecraft:birch_trapdoor":10,"minecraft:magma_block":1,"minecraft:diamond_boots":2,"minecraft:stone_pickaxe":85,"minecraft:ender_pearl":5,"minecraft:sandstone":1039,"minecraft:sugar_cane":21,"minecraft:diamond_axe":316,"minecraft:loom":5,"minecraft:light_gray_terracotta":92,"minecraft:crossbow":97,"minecraft:black_bed":8,"minecraft:redstone_torch":2,"minecraft:birch_fence_gate":126,"minecraft:cyan_bed":17,"minecraft:bread":453,"minecraft:iron_door":2,"minecraft:gravel":10,"minecraft:andesite":1,"minecraft:bone_meal":34,"minecraft:stone_shovel":21,"minecraft:ender_chest":1,"minecraft:cooked_chicken":1,"minecraft:dirt":1830,"minecraft:hopper":9,"minecraft:diamond_helmet":4,"minecraft:dark_oak_planks":1,"minecraft:bookshelf":8,"minecraft:smooth_sandstone":13,"minecraft:iron_boots":1,"minecraft:golden_carrot":74,"minecraft:cooked_beef":5,"minecraft:acacia_boat":15,"minecraft:cobblestone_stairs":264,"minecraft:glass_bottle":3,"minecraft:netherite_chestplate":1,"minecraft:baked_potato":23,"minecraft:birch_boat":13,"minecraft:cut_sandstone":8,"minecraft:stonecutter":7,"minecraft:green_bed":42,"minecraft:terracotta":3863,"minecraft:lime_bed":76,"minecraft:magenta_bed":50,"minecraft:flower_pot":1,"minecraft:acacia_fence_gate":3,"minecraft:jungle_door":2,"minecraft:bucket":785,"minecraft:magenta_glazed_terracotta":10,"minecraft:pumpkin_pie":40,"minecraft:waxed_oxidized_copper_bulb":1,"minecraft:splash_potion":2},"minecraft:dropped":{"minecraft:cooked_beef":12,"minecraft:glass_bottle":19,"minecraft:cooked_porkchop":104,"minecraft:crossbow":4,"minecraft:cookie":36,"minecraft:fletching_table":1,"minecraft:emerald":44,"minecraft:jungle_sapling":1,"minecraft:bone_meal":2,"minecraft:sand":130,"minecraft:iron_pickaxe":3,"minecraft:bone":40,"minecraft:sugar_cane":7,"minecraft:birch_sapling":3,"minecraft:wheat":6,"minecraft:rotten_flesh":106,"minecraft:oak_planks":34,"minecraft:salmon":1,"minecraft:lime_bed":1,"minecraft:tipped_arrow":127,"minecraft:acacia_sapling":8,"minecraft:enchanted_book":1,"minecraft:golden_boots":1,"minecraft:iron_ingot":100,"minecraft:wheat_seeds":12,"minecraft:yellow_terracotta":11,"minecraft:iron_helmet":4,"minecraft:cobblestone":104,"minecraft:book":6,"minecraft:coal":3,"minecraft:rabbit":2,"minecraft:diamond_helmet":6,"minecraft:potion":2,"minecraft:brown_terracotta":15,"minecraft:armadillo_scute":2,"minecraft:white_banner":6,"minecraft:chainmail_leggings":30,"minecraft:iron_shovel":2,"minecraft:paper":64,"minecraft:string":23,"minecraft:stone_sword":1,"minecraft:green_bed":1,"minecraft:diamond_hoe":1,"minecraft:stone_shovel":1,"minecraft:iron_boots":13,"minecraft:name_tag":1,"minecraft:shears":15,"minecraft:blast_furnace":1,"minecraft:diamond_sword":1,"minecraft:potato":6,"minecraft:sea_pickle":2,"minecraft:diamond_pickaxe":6,"minecraft:spider_eye":40,"minecraft:bamboo":2,"minecraft:birch_boat":1,"minecraft:sandstone":11,"minecraft:red_sand":2,"minecraft:bow":5,"minecraft:cyan_bed":1,"minecraft:terracotta":16,"minecraft:soul_sand":15,"minecraft:birch_planks":4,"minecraft:diamond_axe":2,"minecraft:baked_potato":7,"minecraft:sandstone_slab":13,"minecraft:cobblestone_stairs":114,"minecraft:pumpkin_pie":2,"minecraft:gravel":16,"minecraft:blackstone":6,"minecraft:chainmail_chestplate":1,"minecraft:chiseled_stone_bricks":1,"minecraft:sandstone_wall":1,"minecraft:poppy":5346,"minecraft:rabbit_hide":1,"minecraft:gunpowder":1,"minecraft:birch_trapdoor":9,"minecraft:beetroot_seeds":1,"minecraft:chainmail_boots":16,"minecraft:arrow":49,"minecraft:netherrack":1342,"minecraft:bread":1437,"minecraft:golden_helmet":1,"minecraft:diamond_leggings":2,"minecraft:copper_ingot":1,"minecraft:ominous_trial_key":4,"minecraft:acacia_log":2,"minecraft:stick":82,"minecraft:diorite":15,"minecraft:torch":2,"minecraft:iron_leggings":3,"minecraft:iron_axe":2,"minecraft:cactus":7,"minecraft:raw_copper":12,"minecraft:light_gray_terracotta":3,"minecraft:tuff":2,"minecraft:composter":2,"minecraft:raw_iron":2,"minecraft:wither_skeleton_skull":1,"minecraft:ender_eye":1,"minecraft:totem_of_undying":1,"minecraft:shield":1,"minecraft:diamond_chestplate":1,"minecraft:orange_terracotta":10,"minecraft:iron_chestplate":4,"minecraft:oak_boat":1,"minecraft:oak_sapling":1,"minecraft:slime_ball":12,"minecraft:stone_pickaxe":22},"minecraft:killed":{"minecraft:cave_spider":3,"minecraft:skeleton":38,"minecraft:magma_cube":15,"minecraft:pillager":10,"minecraft:zombie":62,"minecraft:evoker":1,"minecraft:vindicator":7,"minecraft:husk":56,"minecraft:rabbit":1,"minecraft:ravager":1,"minecraft:breeze":9,"minecraft:enderman":7,"minecraft:witch":1,"minecraft:spider":73,"minecraft:silverfish":18,"minecraft:piglin":6,"minecraft:pig":5,"minecraft:creeper":27,"minecraft:stray":69,"minecraft:blaze":47,"minecraft:slime":683,"minecraft:phantom":14,"minecraft:drowned":17,"minecraft:wither_skeleton":22},"minecraft:picked_up":{"minecraft:iron_chestplate":8,"minecraft:chainmail_boots":7,"minecraft:flower_pot":1,"minecraft:diamond_sword":5,"minecraft:smithing_table":7,"minecraft:lead":2,"minecraft:enchanted_book":6,"minecraft:string":199,"minecraft:cooked_salmon":11,"minecraft:diamond_leggings":13,"minecraft:gold_nugget":656,"minecraft:cobbled_deepslate":62,"minecraft:trial_key":6,"minecraft:enchanted_golden_apple":3,"minecraft:golden_helmet":1,"minecraft:composter":6,"minecraft:green_bed":48,"minecraft:acacia_log":88,"minecraft:sandstone_wall":2,"minecraft:golden_axe":1,"minecraft:stone_sword":1,"minecraft:honey_bottle":1,"minecraft:armadillo_scute":4,"minecraft:white_terracotta":27,"minecraft:blaze_rod":101,"minecraft:iron_bars":2,"minecraft:birch_log":274,"minecraft:dune_armor_trim_smithing_template":4,"minecraft:magma_block":39,"minecraft:cooked_beef":17,"minecraft:iron_door":2,"minecraft:birch_slab":54,"minecraft:water_bucket":21,"minecraft:jungle_log":3,"minecraft:magenta_bed":34,"minecraft:magenta_terracotta":12,"minecraft:stonecutter":4,"minecraft:rabbit":2,"minecraft:diamond_helmet":14,"minecraft:glowstone_dust":30,"minecraft:birch_fence_gate":75,"minecraft:loom":3,"minecraft:dispenser":1,"minecraft:bread":382,"minecraft:music_disc_precipice":1,"minecraft:dark_oak_fence":2,"minecraft:ominous_trial_key":13,"minecraft:diamond_pickaxe":9,"minecraft:magenta_glazed_terracotta":3,"minecraft:crafting_table":57,"minecraft:sandstone_slab":1095,"minecraft:ominous_bottle":4,"minecraft:clay_ball":1,"minecraft:music_disc_creator":4,"minecraft:wind_charge":28,"minecraft:iron_shovel":3,"minecraft:cracked_stone_bricks":2,"minecraft:cartography_table":16,"minecraft:jungle_sapling":4,"minecraft:poppy":108,"minecraft:minecart":33,"minecraft:chest":21,"minecraft:birch_sapling":36,"minecraft:diamond_hoe":1,"minecraft:egg":4,"minecraft:sandstone":2108,"minecraft:stone":16,"minecraft:cake":1,"minecraft:redstone":222,"minecraft:tnt":10,"minecraft:stone_shovel":4,"minecraft:diamond_chestplate":10,"minecraft:beetroot_seeds":1,"minecraft:shears":1,"minecraft:diamond_boots":8,"minecraft:hay_block":16,"minecraft:yellow_terracotta":11,"minecraft:sandstone_stairs":9,"minecraft:flow_armor_trim_smithing_template":2,"minecraft:gold_ingot":21,"minecraft:totem_of_undying":11,"minecraft:white_wool":2,"minecraft:rail":106,"minecraft:lime_bed":80,"minecraft:filled_map":1,"minecraft:oak_log":21,"minecraft:ancient_debris":21,"minecraft:golden_boots":1,"minecraft:paper":64,"minecraft:white_banner":7,"minecraft:stone_bricks":1,"minecraft:apple":12,"minecraft:stone_pickaxe":13,"minecraft:glass_bottle":38,"minecraft:iron_sword":9,"minecraft:waxed_exposed_copper_bulb":1,"minecraft:gravel":41,"minecraft:dragon_egg":1,"minecraft:slime_ball":826,"minecraft:polished_diorite":11,"minecraft:diamond_axe":9,"minecraft:birch_sign":3,"minecraft:baked_potato":45,"minecraft:ender_pearl":18,"minecraft:wheat":44,"minecraft:nether_brick_fence":2,"minecraft:potion":9,"minecraft:raw_copper":115,"minecraft:iron_leggings":5,"minecraft:sea_pickle":2,"minecraft:red_sand":13,"minecraft:bucket":1,"minecraft:redstone_torch":1,"minecraft:ender_eye":1,"minecraft:iron_pickaxe":13,"minecraft:iron_boots":7,"minecraft:furnace":10,"minecraft:tipped_arrow":177,"minecraft:stick":358,"minecraft:jungle_door":2,"minecraft:birch_trapdoor":16,"minecraft:brown_terracotta":15,"minecraft:torch":105,"minecraft:porkchop":9,"minecraft:diorite":31,"minecraft:quartz_block":1,"minecraft:cactus":8,"minecraft:rotten_flesh":168,"minecraft:obsidian":8,"minecraft:cobblestone":889,"minecraft:enchanting_table":1,"minecraft:magma_cream":1,"minecraft:andesite":4,"minecraft:black_bed":4,"minecraft:potato":14,"minecraft:tuff":4,"minecraft:smooth_sandstone_stairs":1,"minecraft:wither_skeleton_skull":1,"minecraft:acacia_boat":15,"minecraft:lapis_lazuli":113,"minecraft:dirt":998,"minecraft:name_tag":5,"minecraft:bone":234,"minecraft:acacia_planks":13,"minecraft:bow":7,"minecraft:wheat_seeds":158,"minecraft:raw_gold":49,"minecraft:bell":3,"minecraft:mossy_stone_bricks":1,"minecraft:fletching_table":9,"minecraft:bamboo":2,"minecraft:powered_rail":7,"minecraft:oak_planks":36,"minecraft:cooked_porkchop":12,"minecraft:waxed_oxidized_copper_bulb":1,"minecraft:sand":1323,"minecraft:cyan_bed":20,"minecraft:jungle_slab":1,"minecraft:chiseled_sandstone":1,"minecraft:light_gray_terracotta":156,"minecraft:diamond":37,"minecraft:crossbow":16,"minecraft:breeze_rod":49,"minecraft:golden_apple":27,"minecraft:emerald":203,"minecraft:oak_sapling":18,"minecraft:netherrack":3022,"minecraft:brown_mushroom":5,"minecraft:wooden_pickaxe":2,"minecraft:shield":9,"minecraft:iron_axe":9,"minecraft:quartz_slab":38,"minecraft:birch_fence":73,"minecraft:blackstone":15,"minecraft:oak_boat":1,"minecraft:sugar_cane":1228,"minecraft:phantom_membrane":20,"minecraft:raw_iron":189,"minecraft:end_stone":12,"minecraft:copper_ingot":2,"minecraft:stone_pressure_plate":1,"minecraft:dark_oak_planks":2,"minecraft:smooth_sandstone_slab":30,"minecraft:arrow":867,"minecraft:pumpkin_pie":2,"minecraft:saddle":2,"minecraft:basalt":25,"minecraft:golden_carrot":116,"minecraft:salmon":1,"minecraft:cut_sandstone":8,"minecraft:leather":2,"minecraft:birch_planks":119,"minecraft:chainmail_chestplate":1,"minecraft:waxed_copper_block":1,"minecraft:gunpowder":49,"minecraft:cobblestone_stairs":584,"minecraft:orange_terracotta":719,"minecraft:smooth_sandstone":13,"minecraft:rabbit_hide":1,"minecraft:iron_ingot":866,"minecraft:acacia_sapling":37,"minecraft:soul_sand":101,"minecraft:book":31,"minecraft:oak_slab":11,"minecraft:birch_boat":13,"minecraft:pumpkin":15,"minecraft:chiseled_stone_bricks":155,"minecraft:quartz":732,"minecraft:blast_furnace":21,"minecraft:white_bed":271,"minecraft:spider_eye":55,"minecraft:chainmail_leggings":2,"minecraft:iron_helmet":3,"minecraft:terracotta":6259,"minecraft:coal":496},"minecraft:killed_by":{"minecraft:vindicator":3,"minecraft:zombie":1,"minecraft:vex":4,"minecraft:husk":2,"minecraft:evoker":1,"minecraft:creeper":2,"minecraft:player":3,"minecraft:enderman":1,"minecraft:skeleton":3,"minecraft:phantom":1},"minecraft:mined":{"minecraft:dark_oak_planks":2,"minecraft:white_bed":268,"minecraft:jungle_leaves":2,"minecraft:obsidian":8,"minecraft:granite":2,"minecraft:red_sand":8,"minecraft:acacia_log":77,"minecraft:chiseled_stone_bricks":155,"minecraft:magma_block":40,"minecraft:cobbled_deepslate":1,"minecraft:fire":67,"minecraft:waxed_oxidized_copper_bulb":1,"minecraft:pumpkin":7,"minecraft:deepslate_lapis_ore":8,"minecraft:enchanting_table":1,"minecraft:cave_vines":1,"minecraft:quartz_slab":25,"minecraft:smooth_sandstone_stairs":1,"minecraft:sandstone_slab":378,"minecraft:cut_sandstone":9,"minecraft:brown_mushroom":4,"minecraft:soul_fire":3,"minecraft:torch":16,"minecraft:blast_furnace":21,"minecraft:dead_bush":88,"minecraft:cyan_bed":17,"minecraft:sugar_cane":608,"minecraft:smooth_sandstone_slab":12,"minecraft:white_terracotta":30,"minecraft:waxed_copper_bulb":1,"minecraft:light_gray_stained_glass":1,"minecraft:wheat":39,"minecraft:magenta_bed":34,"minecraft:waxed_copper_block":2,"minecraft:magenta_glazed_terracotta":3,"minecraft:black_bed":4,"minecraft:loom":3,"minecraft:sandstone_wall":1,"minecraft:stonecutter":4,"minecraft:deepslate":53,"minecraft:end_stone":7,"minecraft:birch_fence_gate":30,"minecraft:dark_oak_fence":2,"minecraft:moss_block":1,"minecraft:redstone_ore":7,"minecraft:waxed_copper_grate":2,"minecraft:andesite":29,"minecraft:potatoes":3,"minecraft:rail":87,"minecraft:cake":2,"minecraft:smithing_table":6,"minecraft:oak_slab":7,"minecraft:soul_sand":40,"minecraft:smooth_sandstone":14,"minecraft:short_grass":7,"minecraft:emerald_ore":7,"minecraft:copper_ore":26,"minecraft:deepslate_gold_ore":20,"minecraft:diorite":21,"minecraft:birch_leaves":70,"minecraft:gravel":27,"minecraft:cobweb":95,"minecraft:stone_bricks":1,"minecraft:gold_ore":22,"minecraft:stone_pressure_plate":1,"minecraft:jungle_slab":1,"minecraft:cobblestone_stairs":46,"minecraft:sculk_vein":2,"minecraft:grass_block":3,"minecraft:polished_diorite":11,"minecraft:composter":5,"minecraft:tuff_bricks":2,"minecraft:sandstone_stairs":9,"minecraft:glowstone":10,"minecraft:iron_ore":186,"minecraft:polished_tuff":2,"minecraft:iron_bars":2,"minecraft:green_bed":44,"minecraft:deepslate_redstone_ore":29,"minecraft:jungle_door":1,"minecraft:quartz_block":1,"minecraft:blackstone":48,"minecraft:orange_terracotta":588,"minecraft:light_gray_terracotta":98,"minecraft:chest":16,"minecraft:nether_quartz_ore":767,"minecraft:cobblestone":209,"minecraft:wall_torch":11,"minecraft:powered_rail":2,"minecraft:birch_log":174,"minecraft:birch_trapdoor":8,"minecraft:tnt":9,"minecraft:oak_log":22,"minecraft:waxed_oxidized_copper":1,"minecraft:sand":284,"minecraft:dirt":85,"minecraft:dispenser":1,"minecraft:netherrack":9800,"minecraft:ancient_debris":21,"minecraft:oak_leaves":58,"minecraft:nether_gold_ore":161,"minecraft:diamond_ore":2,"minecraft:tuff":35,"minecraft:deepslate_diamond_ore":19,"minecraft:decorated_pot":11,"minecraft:birch_slab":17,"minecraft:sandstone":1408,"minecraft:hay_block":16,"minecraft:furnace":9,"minecraft:chiseled_sandstone":1,"minecraft:gold_block":1,"minecraft:bell":2,"minecraft:nether_brick_fence":2,"minecraft:bookshelf":8,"minecraft:stone":892,"minecraft:redstone_wall_torch":1,"minecraft:waxed_exposed_copper_bulb":1,"minecraft:acacia_leaves":43,"minecraft:infested_stone_bricks":1,"minecraft:basalt":15,"minecraft:crafting_table":52,"minecraft:lapis_ore":5,"minecraft:lime_bed":76,"minecraft:birch_planks":136,"minecraft:cactus":1,"minecraft:waxed_oxidized_copper_grate":2,"minecraft:magenta_terracotta":12,"minecraft:coal_ore":188,"minecraft:flower_pot":1,"minecraft:cracked_stone_bricks":2,"minecraft:terracotta":4213,"minecraft:mossy_stone_bricks":1,"minecraft:acacia_wall_sign":1,"minecraft:birch_fence":1},"minecraft:custom":{"minecraft:interact_with_crafting_table":205,"minecraft:open_barrel":14,"minecraft:bell_ring":70,"minecraft:eat_cake_slice":11,"minecraft:leave_game":44,"minecraft:time_since_death":907026,"minecraft:damage_blocked_by_shield":4939,"minecraft:play_time":3260501,"minecraft:deaths":23,"minecraft:jump":52106,"minecraft:enchant_item":24,"minecraft:interact_with_furnace":102,"minecraft:play_record":4,"minecraft:traded_with_villager":2994,"minecraft:sleep_in_bed":62,"minecraft:waystone_activated":2,"minecraft:damage_dealt":99456,"minecraft:interact_with_smoker":7,"minecraft:inspect_dispenser":29,"minecraft:interact_with_smithing_table":25,"minecraft:interact_with_anvil":13,"minecraft:sneak_time":232467,"minecraft:interact_with_blast_furnace":11,"minecraft:total_world_time":3260501,"minecraft:interact_with_stonecutter":44,"minecraft:time_since_rest":34,"minecraft:swim_one_cm":634901,"minecraft:fly_one_cm":9629423,"minecraft:open_chest":951,"minecraft:fall_one_cm":1445213,"minecraft:sprint_one_cm":5432540,"minecraft:drop":919,"minecraft:talked_to_villager":599,"minecraft:interact_with_brewingstand":5,"minecraft:walk_on_water_one_cm":1261047,"minecraft:interact_with_loom":1,"minecraft:open_enderchest":33,"minecraft:player_kills":1,"minecraft:crouch_one_cm":689883,"minecraft:mob_kills":1238,"minecraft:climb_one_cm":99109,"minecraft:walk_one_cm":7645183,"minecraft:raid_win":1,"minecraft:walk_under_water_one_cm":899556,"minecraft:boat_one_cm":346654,"minecraft:interact_with_grindstone":27,"minecraft:damage_taken":53110,"minecraft:damage_absorbed":161},"minecraft:crafted":{"minecraft:ender_chest":1,"minecraft:smooth_stone":9,"minecraft:blaze_powder":2,"minecraft:birch_boat":4,"minecraft:birch_slab":18,"minecraft:slime_block":96,"minecraft:loom":3,"minecraft:bookshelf":8,"minecraft:glass":24,"minecraft:quartz_block":314,"minecraft:diamond_helmet":3,"minecraft:diamond_leggings":2,"minecraft:netherite_boots":1,"minecraft:birch_fence_gate":123,"minecraft:black_wool":12,"minecraft:glass_bottle":3,"minecraft:emerald":2002,"minecraft:cooked_porkchop":399,"minecraft:acacia_slab":6,"minecraft:lime_banner":7,"minecraft:smithing_table":1,"minecraft:copper_ingot":81,"minecraft:campfire":9,"minecraft:dark_oak_sapling":8,"minecraft:iron_pickaxe":20,"minecraft:iron_block":6,"minecraft:gold_ingot":107,"minecraft:sandstone":263,"minecraft:netherite_ingot":4,"minecraft:composter":2,"minecraft:packed_ice":6,"minecraft:nautilus_shell":5,"minecraft:golden_carrot":93,"minecraft:stone_shovel":2,"minecraft:smooth_stone_slab":6,"minecraft:diamond_hoe":1,"minecraft:wind_charge":56,"minecraft:acacia_fence_gate":3,"minecraft:bone_meal":36,"minecraft:orange_wool":4,"minecraft:polished_diorite":32,"minecraft:ender_pearl":7,"minecraft:stone_pickaxe":11,"minecraft:diamond_boots":2,"minecraft:chainmail_leggings":28,"minecraft:wheat":144,"minecraft:dripstone_block":32,"minecraft:sandstone_slab":12,"minecraft:glowstone":20,"minecraft:enchanted_book":13,"minecraft:magenta_glazed_terracotta":7,"minecraft:oak_fence_gate":6,"minecraft:golden_apple":4,"minecraft:acacia_sign":9,"minecraft:chainmail_boots":19,"minecraft:fermented_spider_eye":2,"minecraft:birch_trapdoor":8,"minecraft:iron_leggings":3,"minecraft:white_bed":18,"minecraft:brick":300,"minecraft:oak_planks":60,"minecraft:purple_glazed_terracotta":7,"minecraft:cobblestone_stairs":13,"minecraft:stone":24,"minecraft:quartz_pillar":12,"minecraft:cake":7,"minecraft:hopper":9,"minecraft:bow":2,"minecraft:iron_boots":21,"minecraft:chest":24,"minecraft:netherite_helmet":1,"minecraft:copper_block":9,"minecraft:netherite_upgrade_smithing_template":8,"minecraft:chiseled_stone_bricks":272,"minecraft:bricks":75,"minecraft:birch_button":1,"minecraft:ender_eye":1,"minecraft:oak_slab":6,"minecraft:crafting_table":10,"minecraft:wooden_pickaxe":1,"minecraft:iron_helmet":6,"minecraft:birch_planks":892,"minecraft:brewing_stand":1,"minecraft:dispenser":1,"minecraft:apple":4,"minecraft:iron_chestplate":4,"minecraft:paper":1005,"minecraft:diamond_pickaxe":7,"minecraft:shield":1,"minecraft:birch_fence":72,"minecraft:stick":656,"minecraft:iron_ingot":136,"minecraft:black_bed":4,"minecraft:cyan_carpet":112,"minecraft:redstone_torch":1,"minecraft:shears":20,"minecraft:sandstone_stairs":52,"minecraft:cookie":144,"minecraft:redstone":20,"minecraft:furnace":2,"minecraft:blast_furnace":2,"minecraft:cherry_sapling":8,"minecraft:netherite_chestplate":2,"minecraft:iron_axe":5,"minecraft:netherite_scrap":21,"minecraft:minecart":5,"minecraft:sugar":64,"minecraft:magenta_bed":18,"minecraft:diamond_sword":2,"minecraft:iron_sword":1,"minecraft:black_banner":7,"minecraft:bucket":3,"minecraft:brown_terracotta":7,"minecraft:air":0,"minecraft:bread":1727,"minecraft:acacia_boat":1,"minecraft:magenta_terracotta":12,"minecraft:white_wool":53,"minecraft:stonecutter":3,"minecraft:anvil":2,"minecraft:pumpkin_pie":40,"minecraft:acacia_planks":192,"minecraft:torch":104,"minecraft:lapis_lazuli":12,"minecraft:diamond_chestplate":2}},"DataVersion":3953}