{"stats":{"minecraft:picked_up":{"minecraft:birch_log":11,"minecraft:iron_chestplate":2,"minecraft:leather_chestplate":2,"minecraft:golden_carrot":56,"minecraft:diamond_sword":13,"minecraft:potion":10,"minecraft:enchanted_book":6,"minecraft:flint":1,"minecraft:oak_log":5,"minecraft:gunpowder":3,"minecraft:dirt":83,"minecraft:lapis_lazuli":192,"minecraft:lantern":1,"minecraft:soul_soil":2,"minecraft:orange_terracotta":2,"minecraft:iron_leggings":4,"minecraft:cooked_mutton":91,"minecraft:smooth_sandstone":5,"minecraft:acacia_planks":4,"minecraft:bone":8,"minecraft:blackstone":34,"minecraft:apple":24,"minecraft:bow":4,"minecraft:diamond_leggings":1,"minecraft:bucket":3,"minecraft:iron_ingot":5967,"minecraft:poppy":1413,"minecraft:glass_bottle":2,"minecraft:phantom_membrane":7,"minecraft:iron_sword":5,"minecraft:acacia_sapling":1,"minecraft:soul_sand":17,"minecraft:diamond_hoe":8,"minecraft:egg":1,"minecraft:book":70,"minecraft:tipped_arrow":5,"minecraft:stick":10,"minecraft:sandstone":439,"minecraft:cooked_porkchop":173,"minecraft:torch":8,"minecraft:green_bed":2,"minecraft:fire_charge":14,"minecraft:sand":491,"minecraft:crying_obsidian":108,"minecraft:spider_eye":4,"minecraft:tnt":1,"minecraft:light_gray_terracotta":1,"minecraft:cactus":8,"minecraft:rotten_flesh":14,"minecraft:stone_sword":2,"minecraft:arrow":148,"minecraft:diamond_chestplate":10,"minecraft:diamond_axe":2,"minecraft:diamond_boots":11,"minecraft:iron_helmet":5,"minecraft:crossbow":3,"minecraft:breeze_rod":108,"minecraft:gold_ingot":28,"minecraft:emerald":9,"minecraft:white_terracotta":4,"minecraft:netherrack":121,"minecraft:obsidian":41,"minecraft:cobblestone":43},"minecraft:killed":{"minecraft:skeleton":1,"minecraft:zombie":1},"minecraft:mined":{"minecraft:soul_sand":3,"minecraft:short_grass":1,"minecraft:dead_bush":1,"minecraft:wall_torch":1,"minecraft:birch_log":6,"minecraft:tnt":1,"minecraft:oak_log":5,"minecraft:dirt":27,"minecraft:sand":16,"minecraft:cake":1,"minecraft:green_bed":2},"minecraft:broken":{"minecraft:diamond_leggings":1},"minecraft:crafted":{"minecraft:oak_planks":16,"minecraft:cooked_porkchop":45,"minecraft:iron_helmet":3,"minecraft:iron_sword":2,"minecraft:bucket":2,"minecraft:birch_planks":22,"minecraft:iron_chestplate":2,"minecraft:iron_boots":3,"minecraft:stick":8,"minecraft:iron_leggings":3},"minecraft:custom":{"minecraft:interact_with_furnace":2,"minecraft:mob_kills":2,"minecraft:inspect_hopper":1,"minecraft:traded_with_villager":9,"minecraft:interact_with_crafting_table":13,"minecraft:open_barrel":1,"minecraft:leave_game":1,"minecraft:time_since_death":3026,"minecraft:sleep_in_bed":1,"minecraft:climb_one_cm":1925,"minecraft:time_since_rest":3050,"minecraft:sprint_one_cm":359417,"minecraft:damage_taken":10790,"minecraft:walk_one_cm":362277,"minecraft:drop":42,"minecraft:damage_dealt":2086,"minecraft:swim_one_cm":44868,"minecraft:talked_to_villager":11,"minecraft:fly_one_cm":749420,"minecraft:open_chest":117,"minecraft:crouch_one_cm":10170,"minecraft:play_time":123244,"minecraft:deaths":24,"minecraft:sneak_time":7071,"minecraft:walk_under_water_one_cm":83177,"minecraft:jump":3517,"minecraft:walk_on_water_one_cm":28819,"minecraft:total_world_time":123244,"minecraft:fall_one_cm":125710},"minecraft:killed_by":{"minecraft:player":12,"minecraft:creeper":1,"minecraft:phantom":1,"minecraft:zombie":1,"minecraft:iron_golem":2,"minecraft:wither":1},"minecraft:used":{"minecraft:tuff_bricks":27,"minecraft:cooked_mutton":6,"minecraft:water_bucket":30,"minecraft:diamond_boots":2,"minecraft:birch_planks":10,"minecraft:oak_planks":3,"minecraft:baked_potato":2,"minecraft:blackstone":34,"minecraft:white_terracotta":3,"minecraft:sandstone":4,"minecraft:iron_sword":6,"minecraft:green_bed":2,"minecraft:netherrack":64,"minecraft:cookie":2,"minecraft:dirt":106,"minecraft:sand":55,"minecraft:soul_sand":17,"minecraft:obsidian":4,"minecraft:lava_bucket":1,"minecraft:apple":12,"minecraft:smooth_sandstone":5,"minecraft:iron_boots":1,"minecraft:stone_bricks":21,"minecraft:diamond_chestplate":3,"minecraft:diamond_sword":97,"minecraft:golden_carrot":13,"minecraft:cobblestone":19,"minecraft:potion":1,"minecraft:soul_soil":2,"minecraft:cooked_porkchop":14,"minecraft:bucket":32,"minecraft:iron_leggings":1},"minecraft:dropped":{"minecraft:enchanted_book":4,"minecraft:water_bucket":1,"minecraft:iron_ingot":37,"minecraft:iron_sword":1,"minecraft:emerald_block":112,"minecraft:lapis_lazuli":215,"minecraft:stone_sword":2,"minecraft:ender_pearl":1,"minecraft:obsidian":16,"minecraft:crossbow":2,"minecraft:name_tag":2,"minecraft:cooked_mutton":1,"minecraft:totem_of_undying":1,"minecraft:gold_block":14,"minecraft:dirt":1,"minecraft:poppy":640,"minecraft:orange_terracotta":2,"minecraft:fire_charge":7,"minecraft:potion":1,"minecraft:arrow":2,"minecraft:crying_obsidian":54,"minecraft:gold_ingot":21}},"DataVersion":3953}