{"stats":{"minecraft:picked_up":{"minecraft:birch_log":6,"minecraft:torch":1,"minecraft:fire_charge":14,"minecraft:enchanted_book":6,"minecraft:potion":4,"minecraft:sand":4,"minecraft:crying_obsidian":108,"minecraft:lapis_lazuli":64,"minecraft:soul_soil":2,"minecraft:cooked_mutton":90,"minecraft:blackstone":34,"minecraft:apple":24,"minecraft:diamond_boots":2,"minecraft:bucket":1,"minecraft:crossbow":3,"minecraft:breeze_rod":90,"minecraft:gold_ingot":28,"minecraft:netherrack":64,"minecraft:obsidian":40,"minecraft:soul_sand":13,"minecraft:diamond_hoe":2},"minecraft:mined":{"minecraft:birch_log":6,"minecraft:sand":4},"minecraft:crafted":{"minecraft:iron_boots":1,"minecraft:iron_chestplate":1,"minecraft:stick":4,"minecraft:iron_helmet":1,"minecraft:iron_sword":1,"minecraft:iron_leggings":1,"minecraft:birch_planks":22},"minecraft:custom":{"minecraft:time_since_rest":12890,"minecraft:interact_with_furnace":1,"minecraft:sprint_one_cm":103141,"minecraft:damage_taken":1150,"minecraft:walk_one_cm":117512,"minecraft:drop":24,"minecraft:inspect_hopper":1,"minecraft:damage_dealt":5,"minecraft:interact_with_crafting_table":6,"minecraft:fly_one_cm":209771,"minecraft:open_barrel":1,"minecraft:open_chest":60,"minecraft:crouch_one_cm":506,"minecraft:play_time":33244,"minecraft:deaths":3,"minecraft:sneak_time":105,"minecraft:walk_under_water_one_cm":13030,"minecraft:jump":908,"minecraft:leave_game":1,"minecraft:walk_on_water_one_cm":1935,"minecraft:time_since_death":12867,"minecraft:climb_one_cm":510,"minecraft:total_world_time":33244,"minecraft:fall_one_cm":24911},"minecraft:killed_by":{"minecraft:zombie":1},"minecraft:used":{"minecraft:cooked_mutton":3,"minecraft:water_bucket":2,"minecraft:apple":8,"minecraft:lava_bucket":1,"minecraft:baked_potato":2,"minecraft:sand":1,"minecraft:cooked_porkchop":1,"minecraft:bucket":3,"minecraft:obsidian":4},"minecraft:dropped":{"minecraft:gold_block":14,"minecraft:water_bucket":1,"minecraft:iron_ingot":37,"minecraft:emerald_block":112,"minecraft:lapis_lazuli":215,"minecraft:ender_pearl":1,"minecraft:obsidian":16,"minecraft:crossbow":2,"minecraft:potion":1,"minecraft:fire_charge":7,"minecraft:name_tag":2,"minecraft:crying_obsidian":54,"minecraft:totem_of_undying":1,"minecraft:gold_ingot":21,"minecraft:enchanted_book":4}},"DataVersion":3953}