{"stats":{"minecraft:picked_up":{"minecraft:birch_log":11,"minecraft:iron_chestplate":2,"minecraft:golden_carrot":56,"minecraft:diamond_sword":13,"minecraft:potion":10,"minecraft:enchanted_book":6,"minecraft:dirt":40,"minecraft:lapis_lazuli":64,"minecraft:lantern":1,"minecraft:soul_soil":2,"minecraft:iron_leggings":2,"minecraft:cooked_mutton":91,"minecraft:bone":8,"minecraft:blackstone":34,"minecraft:apple":24,"minecraft:bow":2,"minecraft:diamond_leggings":1,"minecraft:bucket":1,"minecraft:iron_ingot":5897,"minecraft:poppy":1413,"minecraft:iron_sword":3,"minecraft:acacia_sapling":1,"minecraft:soul_sand":17,"minecraft:diamond_hoe":8,"minecraft:tipped_arrow":5,"minecraft:stick":9,"minecraft:sandstone":439,"minecraft:cooked_porkchop":92,"minecraft:torch":3,"minecraft:fire_charge":14,"minecraft:sand":475,"minecraft:crying_obsidian":108,"minecraft:spider_eye":4,"minecraft:rotten_flesh":10,"minecraft:stone_sword":2,"minecraft:arrow":148,"minecraft:diamond_chestplate":10,"minecraft:diamond_axe":2,"minecraft:diamond_boots":11,"minecraft:iron_helmet":3,"minecraft:crossbow":3,"minecraft:breeze_rod":90,"minecraft:gold_ingot":28,"minecraft:emerald":9,"minecraft:netherrack":121,"minecraft:obsidian":40,"minecraft:cobblestone":43},"minecraft:killed":{"minecraft:skeleton":1,"minecraft:zombie":1},"minecraft:mined":{"minecraft:soul_sand":3,"minecraft:dead_bush":1,"minecraft:birch_log":6,"minecraft:sand":4},"minecraft:broken":{"minecraft:diamond_leggings":1},"minecraft:crafted":{"minecraft:iron_helmet":2,"minecraft:iron_sword":1,"minecraft:bucket":1,"minecraft:birch_planks":22,"minecraft:iron_chestplate":1,"minecraft:iron_boots":2,"minecraft:stick":4,"minecraft:iron_leggings":2},"minecraft:custom":{"minecraft:interact_with_furnace":1,"minecraft:mob_kills":2,"minecraft:inspect_hopper":1,"minecraft:interact_with_crafting_table":10,"minecraft:open_barrel":1,"minecraft:leave_game":1,"minecraft:time_since_death":2997,"minecraft:climb_one_cm":724,"minecraft:time_since_rest":3025,"minecraft:sprint_one_cm":243190,"minecraft:damage_taken":6919,"minecraft:walk_one_cm":281945,"minecraft:drop":39,"minecraft:damage_dealt":2014,"minecraft:swim_one_cm":9701,"minecraft:fly_one_cm":492669,"minecraft:open_chest":89,"minecraft:crouch_one_cm":3701,"minecraft:play_time":81244,"minecraft:deaths":18,"minecraft:sneak_time":1336,"minecraft:walk_under_water_one_cm":36110,"minecraft:jump":2322,"minecraft:walk_on_water_one_cm":11842,"minecraft:total_world_time":81244,"minecraft:fall_one_cm":63707},"minecraft:killed_by":{"minecraft:player":10,"minecraft:phantom":1,"minecraft:zombie":1,"minecraft:iron_golem":2,"minecraft:wither":1},"minecraft:used":{"minecraft:cooked_mutton":6,"minecraft:water_bucket":3,"minecraft:diamond_boots":2,"minecraft:birch_planks":10,"minecraft:baked_potato":2,"minecraft:blackstone":34,"minecraft:sandstone":4,"minecraft:iron_sword":4,"minecraft:netherrack":64,"minecraft:dirt":10,"minecraft:sand":16,"minecraft:soul_sand":17,"minecraft:obsidian":4,"minecraft:lava_bucket":1,"minecraft:apple":12,"minecraft:iron_boots":1,"minecraft:diamond_chestplate":3,"minecraft:diamond_sword":97,"minecraft:golden_carrot":9,"minecraft:cobblestone":19,"minecraft:potion":1,"minecraft:soul_soil":2,"minecraft:cooked_porkchop":6,"minecraft:bucket":5,"minecraft:iron_leggings":1},"minecraft:dropped":{"minecraft:enchanted_book":4,"minecraft:water_bucket":1,"minecraft:iron_ingot":37,"minecraft:iron_sword":1,"minecraft:emerald_block":112,"minecraft:lapis_lazuli":215,"minecraft:stone_sword":2,"minecraft:ender_pearl":1,"minecraft:obsidian":16,"minecraft:crossbow":2,"minecraft:name_tag":2,"minecraft:cooked_mutton":1,"minecraft:totem_of_undying":1,"minecraft:gold_block":14,"minecraft:poppy":640,"minecraft:fire_charge":7,"minecraft:potion":1,"minecraft:arrow":2,"minecraft:crying_obsidian":54,"minecraft:gold_ingot":21}},"DataVersion":3953}