{"stats":{"minecraft:custom":{"minecraft:jump":300,"minecraft:open_chest":2,"minecraft:time_since_rest":8498,"minecraft:walk_on_water_one_cm":1155,"minecraft:deaths":1,"minecraft:sprint_one_cm":31354,"minecraft:play_time":9446,"minecraft:damage_taken":325,"minecraft:time_since_death":8264,"minecraft:walk_one_cm":45526,"minecraft:total_world_time":9446,"minecraft:walk_under_water_one_cm":72,"minecraft:interact_with_crafting_table":1,"minecraft:fall_one_cm":6689,"minecraft:fly_one_cm":55737},"minecraft:killed_by":{"minecraft:zombie":1}},"DataVersion":3953}