{"stats":{"minecraft:picked_up":{"minecraft:birch_log":6,"minecraft:iron_chestplate":1,"minecraft:golden_carrot":24,"minecraft:diamond_sword":1,"minecraft:potion":5,"minecraft:enchanted_book":6,"minecraft:lapis_lazuli":64,"minecraft:soul_soil":2,"minecraft:iron_leggings":1,"minecraft:cooked_mutton":91,"minecraft:blackstone":34,"minecraft:apple":24,"minecraft:bow":1,"minecraft:diamond_leggings":1,"minecraft:bucket":1,"minecraft:iron_ingot":1280,"minecraft:poppy":772,"minecraft:iron_sword":2,"minecraft:soul_sand":17,"minecraft:diamond_hoe":3,"minecraft:stick":3,"minecraft:cooked_porkchop":18,"minecraft:torch":1,"minecraft:fire_charge":14,"minecraft:sand":7,"minecraft:crying_obsidian":108,"minecraft:stone_sword":2,"minecraft:arrow":68,"minecraft:diamond_chestplate":1,"minecraft:diamond_axe":1,"minecraft:diamond_boots":3,"minecraft:iron_helmet":1,"minecraft:crossbow":3,"minecraft:breeze_rod":90,"minecraft:gold_ingot":28,"minecraft:netherrack":64,"minecraft:obsidian":40,"minecraft:cobblestone":23},"minecraft:killed":{"minecraft:zombie":1},"minecraft:mined":{"minecraft:soul_sand":3,"minecraft:birch_log":6,"minecraft:sand":4},"minecraft:broken":{"minecraft:diamond_leggings":1},"minecraft:crafted":{"minecraft:iron_helmet":1,"minecraft:iron_sword":1,"minecraft:birch_planks":22,"minecraft:iron_chestplate":1,"minecraft:iron_boots":1,"minecraft:stick":4,"minecraft:iron_leggings":1},"minecraft:custom":{"minecraft:interact_with_furnace":1,"minecraft:mob_kills":1,"minecraft:inspect_hopper":1,"minecraft:interact_with_crafting_table":8,"minecraft:open_barrel":1,"minecraft:leave_game":1,"minecraft:time_since_death":8135,"minecraft:climb_one_cm":510,"minecraft:time_since_rest":8174,"minecraft:sprint_one_cm":149343,"minecraft:damage_taken":2570,"minecraft:walk_one_cm":190137,"minecraft:drop":39,"minecraft:damage_dealt":724,"minecraft:swim_one_cm":1879,"minecraft:fly_one_cm":311437,"minecraft:open_chest":65,"minecraft:crouch_one_cm":3014,"minecraft:play_time":57244,"minecraft:deaths":4,"minecraft:sneak_time":1100,"minecraft:walk_under_water_one_cm":22320,"minecraft:jump":1452,"minecraft:walk_on_water_one_cm":4299,"minecraft:total_world_time":57244,"minecraft:fall_one_cm":41077},"minecraft:killed_by":{"minecraft:zombie":1},"minecraft:used":{"minecraft:cooked_mutton":6,"minecraft:water_bucket":2,"minecraft:birch_planks":10,"minecraft:baked_potato":2,"minecraft:blackstone":34,"minecraft:iron_sword":4,"minecraft:netherrack":64,"minecraft:sand":7,"minecraft:soul_sand":17,"minecraft:obsidian":4,"minecraft:lava_bucket":1,"minecraft:apple":12,"minecraft:diamond_sword":26,"minecraft:golden_carrot":7,"minecraft:cobblestone":17,"minecraft:soul_soil":2,"minecraft:cooked_porkchop":1,"minecraft:bucket":3,"minecraft:iron_leggings":1},"minecraft:dropped":{"minecraft:enchanted_book":4,"minecraft:water_bucket":1,"minecraft:iron_ingot":37,"minecraft:iron_sword":1,"minecraft:emerald_block":112,"minecraft:lapis_lazuli":215,"minecraft:stone_sword":2,"minecraft:ender_pearl":1,"minecraft:obsidian":16,"minecraft:crossbow":2,"minecraft:name_tag":2,"minecraft:cooked_mutton":1,"minecraft:totem_of_undying":1,"minecraft:gold_block":14,"minecraft:poppy":640,"minecraft:fire_charge":7,"minecraft:potion":1,"minecraft:arrow":2,"minecraft:crying_obsidian":54,"minecraft:gold_ingot":21}},"DataVersion":3953}