{"stats":{"minecraft:picked_up":{"minecraft:crafting_table":4,"minecraft:iron_chestplate":2,"minecraft:diamond_sword":13,"minecraft:enchanted_book":6,"minecraft:potion":10,"minecraft:soul_soil":2,"minecraft:iron_leggings":4,"minecraft:blackstone":34,"minecraft:diamond_leggings":1,"minecraft:bucket":3,"minecraft:beef":4,"minecraft:poppy":1413,"minecraft:phantom_membrane":7,"minecraft:diamond_hoe":8,"minecraft:furnace":1,"minecraft:egg":1,"minecraft:tipped_arrow":5,"minecraft:stick":10,"minecraft:sandstone":439,"minecraft:torch":8,"minecraft:green_bed":2,"minecraft:acacia_log":55,"minecraft:fire_charge":14,"minecraft:tnt":1,"minecraft:arrow":148,"minecraft:stone_sword":2,"minecraft:cactus":8,"minecraft:diamond_chestplate":10,"minecraft:rotten_flesh":14,"minecraft:diamond_boots":11,"minecraft:gold_ingot":28,"minecraft:white_terracotta":4,"minecraft:obsidian":41,"minecraft:mutton":5,"minecraft:white_wool":3,"minecraft:cobblestone":54,"minecraft:birch_log":11,"minecraft:leather_chestplate":2,"minecraft:golden_carrot":56,"minecraft:leather":3,"minecraft:flint":1,"minecraft:oak_log":10,"minecraft:gunpowder":3,"minecraft:lapis_lazuli":192,"minecraft:dirt":98,"minecraft:lantern":1,"minecraft:orange_terracotta":2,"minecraft:cooked_mutton":91,"minecraft:smooth_sandstone":5,"minecraft:bone":8,"minecraft:acacia_planks":4,"minecraft:apple":24,"minecraft:bow":4,"minecraft:iron_ingot":5967,"minecraft:glass_bottle":2,"minecraft:oak_planks":1,"minecraft:acacia_sapling":1,"minecraft:iron_sword":5,"minecraft:soul_sand":17,"minecraft:book":70,"minecraft:cooked_porkchop":173,"minecraft:sand":491,"minecraft:crying_obsidian":108,"minecraft:spider_eye":4,"minecraft:light_gray_terracotta":1,"minecraft:breeze_rod":108,"minecraft:iron_helmet":5,"minecraft:crossbow":3,"minecraft:diamond_axe":2,"minecraft:emerald":9,"minecraft:netherrack":121},"minecraft:killed":{"minecraft:skeleton":1,"minecraft:sheep":3,"minecraft:zombie":1,"minecraft:cow":3},"minecraft:mined":{"minecraft:acacia_log":56,"minecraft:grass_block":4,"minecraft:furnace":1,"minecraft:stone":11,"minecraft:cake":1,"minecraft:green_bed":2,"minecraft:acacia_leaves":7,"minecraft:soul_sand":3,"minecraft:crafting_table":4,"minecraft:short_grass":8,"minecraft:dead_bush":1,"minecraft:wall_torch":1,"minecraft:birch_log":6,"minecraft:tnt":1,"minecraft:oak_log":10,"minecraft:sand":16,"minecraft:dirt":38,"minecraft:oak_leaves":2},"minecraft:broken":{"minecraft:diamond_leggings":1,"minecraft:wooden_axe":1},"minecraft:crafted":{"minecraft:wooden_sword":1,"minecraft:oak_planks":40,"minecraft:furnace":1,"minecraft:cooked_mutton":5,"minecraft:iron_boots":3,"minecraft:cooked_porkchop":45,"minecraft:crafting_table":1,"minecraft:wooden_pickaxe":1,"minecraft:iron_helmet":3,"minecraft:iron_sword":2,"minecraft:bucket":2,"minecraft:birch_planks":22,"minecraft:iron_chestplate":2,"minecraft:stick":16,"minecraft:wooden_axe":2,"minecraft:iron_leggings":3,"minecraft:white_bed":1,"minecraft:acacia_planks":216},"minecraft:custom":{"minecraft:mob_kills":8,"minecraft:inspect_hopper":1,"minecraft:interact_with_crafting_table":20,"minecraft:open_barrel":1,"minecraft:leave_game":1,"minecraft:time_since_death":15026,"minecraft:climb_one_cm":1925,"minecraft:sprint_one_cm":369144,"minecraft:walk_one_cm":393476,"minecraft:drop":42,"minecraft:talked_to_villager":11,"minecraft:play_time":135244,"minecraft:deaths":24,"minecraft:sneak_time":8578,"minecraft:walk_under_water_one_cm":83177,"minecraft:jump":3698,"minecraft:walk_on_water_one_cm":28819,"minecraft:total_world_time":135244,"minecraft:interact_with_furnace":9,"minecraft:traded_with_villager":9,"minecraft:sleep_in_bed":1,"minecraft:time_since_rest":15050,"minecraft:damage_taken":10790,"minecraft:damage_dealt":2626,"minecraft:swim_one_cm":44868,"minecraft:fly_one_cm":769608,"minecraft:open_chest":117,"minecraft:crouch_one_cm":13385,"minecraft:fall_one_cm":128067},"minecraft:killed_by":{"minecraft:player":12,"minecraft:creeper":1,"minecraft:iron_golem":2,"minecraft:phantom":1,"minecraft:zombie":1,"minecraft:wither":1},"minecraft:used":{"minecraft:tuff_bricks":27,"minecraft:white_terracotta":3,"minecraft:iron_sword":6,"minecraft:netherrack":64,"minecraft:soul_sand":17,"minecraft:dirt":113,"minecraft:obsidian":4,"minecraft:wooden_axe":71,"minecraft:lava_bucket":1,"minecraft:smooth_sandstone":5,"minecraft:iron_boots":1,"minecraft:stone_bricks":21,"minecraft:diamond_chestplate":3,"minecraft:golden_carrot":13,"minecraft:soul_soil":2,"minecraft:furnace":1,"minecraft:iron_leggings":1,"minecraft:cooked_mutton":9,"minecraft:water_bucket":30,"minecraft:diamond_boots":2,"minecraft:birch_planks":10,"minecraft:baked_potato":2,"minecraft:oak_planks":3,"minecraft:blackstone":34,"minecraft:wooden_pickaxe":12,"minecraft:sandstone":4,"minecraft:green_bed":2,"minecraft:cookie":2,"minecraft:sand":55,"minecraft:crafting_table":4,"minecraft:apple":12,"minecraft:diamond_sword":97,"minecraft:wooden_sword":15,"minecraft:cobblestone":19,"minecraft:potion":1,"minecraft:cooked_porkchop":14,"minecraft:bucket":32},"minecraft:dropped":{"minecraft:water_bucket":1,"minecraft:enchanted_book":4,"minecraft:iron_ingot":37,"minecraft:iron_sword":1,"minecraft:lapis_lazuli":215,"minecraft:ender_pearl":1,"minecraft:crossbow":2,"minecraft:gold_block":14,"minecraft:dirt":1,"minecraft:fire_charge":7,"minecraft:potion":1,"minecraft:gold_ingot":21,"minecraft:emerald_block":112,"minecraft:stone_sword":2,"minecraft:obsidian":16,"minecraft:name_tag":2,"minecraft:cooked_mutton":1,"minecraft:totem_of_undying":1,"minecraft:poppy":640,"minecraft:orange_terracotta":2,"minecraft:arrow":2,"minecraft:crying_obsidian":54}},"DataVersion":3953}