{"stats":{"minecraft:picked_up":{"minecraft:crafting_table":4,"minecraft:iron_chestplate":2,"minecraft:wheat":3,"minecraft:diamond_sword":14,"minecraft:enchanted_book":8,"minecraft:potion":10,"minecraft:shield":1,"minecraft:soul_soil":2,"minecraft:iron_leggings":4,"minecraft:blackstone":34,"minecraft:cracked_stone_bricks":2,"minecraft:diamond_leggings":2,"minecraft:cobbled_deepslate":20,"minecraft:bucket":3,"minecraft:eye_armor_trim_smithing_template":1,"minecraft:beef":4,"minecraft:poppy":1477,"minecraft:phantom_membrane":7,"minecraft:diamond_hoe":8,"minecraft:furnace":3,"minecraft:egg":1,"minecraft:tipped_arrow":5,"minecraft:stick":10,"minecraft:sandstone":439,"minecraft:torch":12,"minecraft:green_bed":2,"minecraft:acacia_log":71,"minecraft:fire_charge":14,"minecraft:cookie":4,"minecraft:diorite":4,"minecraft:carrot":12,"minecraft:tnt":1,"minecraft:arrow":148,"minecraft:stone_sword":2,"minecraft:cactus":8,"minecraft:diamond_chestplate":11,"minecraft:rotten_flesh":14,"minecraft:diamond_boots":12,"minecraft:gold_ingot":28,"minecraft:white_terracotta":15,"minecraft:obsidian":41,"minecraft:mutton":5,"minecraft:white_wool":3,"minecraft:cobblestone":79,"minecraft:birch_log":11,"minecraft:leather_chestplate":2,"minecraft:golden_carrot":56,"minecraft:leather":3,"minecraft:potato":4,"minecraft:flint":1,"minecraft:tuff":5,"minecraft:oak_log":10,"minecraft:yellow_bed":1,"minecraft:gunpowder":3,"minecraft:lapis_lazuli":192,"minecraft:dirt":125,"minecraft:lantern":1,"minecraft:name_tag":1,"minecraft:orange_terracotta":2,"minecraft:cooked_mutton":91,"minecraft:smooth_sandstone":5,"minecraft:bone":15,"minecraft:acacia_planks":22,"minecraft:apple":24,"minecraft:bow":4,"minecraft:wheat_seeds":15,"minecraft:iron_ingot":5971,"minecraft:diamond_helmet":1,"minecraft:glass_bottle":2,"minecraft:oak_planks":1,"minecraft:acacia_sapling":1,"minecraft:iron_sword":5,"minecraft:soul_sand":17,"minecraft:book":73,"minecraft:cooked_porkchop":180,"minecraft:gravel":5,"minecraft:sand":491,"minecraft:white_bed":4,"minecraft:crying_obsidian":108,"minecraft:spider_eye":4,"minecraft:leather_helmet":1,"minecraft:light_gray_terracotta":1,"minecraft:diamond_shovel":1,"minecraft:breeze_rod":108,"minecraft:iron_helmet":5,"minecraft:crossbow":3,"minecraft:diamond_axe":4,"minecraft:bread":54,"minecraft:emerald":35,"minecraft:terracotta":38,"minecraft:netherrack":121,"minecraft:diamond_pickaxe":1},"minecraft:killed":{"minecraft:skeleton":1,"minecraft:sheep":3,"minecraft:zombie":1,"minecraft:cow":3},"minecraft:mined":{"minecraft:white_bed":4,"minecraft:jungle_leaves":1,"minecraft:acacia_log":72,"minecraft:grass_block":9,"minecraft:furnace":3,"minecraft:carrots":13,"minecraft:potatoes":5,"minecraft:stone":11,"minecraft:cake":1,"minecraft:green_bed":2,"minecraft:acacia_leaves":8,"minecraft:soul_sand":3,"minecraft:crafting_table":4,"minecraft:short_grass":10,"minecraft:dead_bush":1,"minecraft:wall_torch":1,"minecraft:birch_log":6,"minecraft:wheat":15,"minecraft:tnt":1,"minecraft:yellow_bed":1,"minecraft:oak_log":10,"minecraft:sand":16,"minecraft:dirt":60,"minecraft:oak_leaves":2},"minecraft:broken":{"minecraft:diamond_leggings":1,"minecraft:wooden_axe":1},"minecraft:crafted":{"minecraft:wooden_sword":1,"minecraft:oak_planks":40,"minecraft:furnace":1,"minecraft:cooked_mutton":5,"minecraft:iron_boots":3,"minecraft:cooked_beef":4,"minecraft:cooked_porkchop":45,"minecraft:crafting_table":1,"minecraft:wooden_pickaxe":1,"minecraft:iron_helmet":3,"minecraft:iron_sword":2,"minecraft:bucket":2,"minecraft:birch_planks":22,"minecraft:iron_chestplate":2,"minecraft:stick":16,"minecraft:wooden_axe":2,"minecraft:iron_leggings":3,"minecraft:white_bed":1,"minecraft:acacia_planks":284},"minecraft:custom":{"minecraft:mob_kills":8,"minecraft:inspect_hopper":1,"minecraft:interact_with_crafting_table":20,"minecraft:open_barrel":1,"minecraft:leave_game":1,"minecraft:time_since_death":3422,"minecraft:climb_one_cm":2454,"minecraft:sprint_one_cm":440461,"minecraft:walk_one_cm":460453,"minecraft:drop":42,"minecraft:talked_to_villager":16,"minecraft:play_time":159244,"minecraft:deaths":26,"minecraft:sneak_time":10071,"minecraft:walk_under_water_one_cm":83840,"minecraft:jump":4356,"minecraft:walk_on_water_one_cm":30988,"minecraft:total_world_time":159244,"minecraft:interact_with_furnace":13,"minecraft:traded_with_villager":9,"minecraft:interact_with_cartography_table":1,"minecraft:sleep_in_bed":3,"minecraft:time_since_rest":4919,"minecraft:damage_taken":11739,"minecraft:damage_dealt":2883,"minecraft:swim_one_cm":62791,"minecraft:fly_one_cm":921464,"minecraft:player_kills":1,"minecraft:open_chest":121,"minecraft:crouch_one_cm":20560,"minecraft:fall_one_cm":147914},"minecraft:killed_by":{"minecraft:player":13,"minecraft:creeper":1,"minecraft:iron_golem":2,"minecraft:phantom":1,"minecraft:zombie":1,"minecraft:wither":1},"minecraft:used":{"minecraft:tuff_bricks":27,"minecraft:white_terracotta":3,"minecraft:iron_sword":6,"minecraft:netherrack":64,"minecraft:soul_sand":17,"minecraft:dirt":134,"minecraft:carrot":1,"minecraft:obsidian":4,"minecraft:wooden_axe":90,"minecraft:lava_bucket":1,"minecraft:smooth_sandstone":5,"minecraft:iron_boots":1,"minecraft:stone_bricks":21,"minecraft:diamond_chestplate":3,"minecraft:golden_carrot":13,"minecraft:soul_soil":2,"minecraft:furnace":3,"minecraft:cooked_beef":2,"minecraft:acacia_planks":40,"minecraft:iron_leggings":1,"minecraft:cooked_mutton":11,"minecraft:water_bucket":30,"minecraft:diamond_boots":2,"minecraft:birch_planks":10,"minecraft:baked_potato":2,"minecraft:oak_planks":3,"minecraft:blackstone":34,"minecraft:wooden_pickaxe":15,"minecraft:sandstone":4,"minecraft:green_bed":2,"minecraft:cookie":2,"minecraft:sand":55,"minecraft:crafting_table":4,"minecraft:white_bed":1,"minecraft:apple":12,"minecraft:bread":2,"minecraft:diamond_sword":99,"minecraft:wooden_sword":15,"minecraft:cobblestone":19,"minecraft:potion":1,"minecraft:cooked_porkchop":14,"minecraft:bucket":32},"minecraft:dropped":{"minecraft:water_bucket":1,"minecraft:enchanted_book":4,"minecraft:iron_ingot":37,"minecraft:iron_sword":1,"minecraft:lapis_lazuli":215,"minecraft:ender_pearl":1,"minecraft:crossbow":2,"minecraft:gold_block":14,"minecraft:dirt":1,"minecraft:fire_charge":7,"minecraft:potion":1,"minecraft:gold_ingot":21,"minecraft:emerald_block":112,"minecraft:stone_sword":2,"minecraft:obsidian":16,"minecraft:name_tag":2,"minecraft:cooked_mutton":1,"minecraft:totem_of_undying":1,"minecraft:poppy":640,"minecraft:orange_terracotta":2,"minecraft:arrow":2,"minecraft:crying_obsidian":54}},"DataVersion":3953}