{"stats":{"minecraft:custom":{"minecraft:jump":50,"minecraft:time_since_rest":3664,"minecraft:damage_dealt":1,"minecraft:sprint_one_cm":11506,"minecraft:play_time":3664,"minecraft:damage_taken":24,"minecraft:time_since_death":3664,"minecraft:walk_one_cm":14915,"minecraft:total_world_time":3664,"minecraft:fall_one_cm":1852,"minecraft:fly_one_cm":15039},"minecraft:mined":{"minecraft:short_grass":1,"minecraft:grass_block":1,"minecraft:dead_bush":65,"minecraft:dirt":1},"minecraft:picked_up":{"minecraft:stick":78,"minecraft:dirt":2},"minecraft:used":{"minecraft:dirt":1}},"DataVersion":3953}