{"stats":{"minecraft:mined":{"minecraft:short_grass":2,"minecraft:grass_block":4},"minecraft:used":{"minecraft:dirt":4},"minecraft:custom":{"minecraft:jump":70,"minecraft:time_since_rest":1478,"minecraft:damage_dealt":20,"minecraft:leave_game":1,"minecraft:sprint_one_cm":8253,"minecraft:play_time":1478,"minecraft:damage_taken":60,"minecraft:time_since_death":1478,"minecraft:walk_one_cm":2634,"minecraft:total_world_time":1478,"minecraft:fall_one_cm":5381,"minecraft:fly_one_cm":20815},"minecraft:picked_up":{"minecraft:dirt":4}},"DataVersion":3953}