{"stats":{"minecraft:custom":{"minecraft:jump":103,"minecraft:time_since_rest":4215,"minecraft:damage_dealt":25,"minecraft:leave_game":1,"minecraft:sprint_one_cm":34236,"minecraft:play_time":4215,"minecraft:time_since_death":4215,"minecraft:walk_one_cm":9491,"minecraft:total_world_time":4215,"minecraft:drop":4,"minecraft:fall_one_cm":4265,"minecraft:fly_one_cm":24556},"minecraft:mined":{"minecraft:short_grass":2,"minecraft:dead_bush":119},"minecraft:picked_up":{"minecraft:stick":99,"minecraft:wheat_seeds":2},"minecraft:dropped":{"minecraft:wheat_seeds":2,"minecraft:stick":99}},"DataVersion":3953}