{"stats":{"minecraft:picked_up":{"minecraft:birch_door":3,"minecraft:iron_chestplate":5,"minecraft:flower_pot":5,"minecraft:diamond_sword":2,"minecraft:smithing_table":6,"minecraft:lead":10,"minecraft:oak_stairs":49,"minecraft:enchanted_book":9,"minecraft:brewing_stand":1,"minecraft:golden_sword":1,"minecraft:string":181,"minecraft:cooked_salmon":54,"minecraft:diamond_leggings":4,"minecraft:gold_nugget":310,"minecraft:cobbled_deepslate":691,"minecraft:trial_key":11,"minecraft:netherite_upgrade_smithing_template":2,"minecraft:enchanted_golden_apple":2,"minecraft:melon_slice":32,"minecraft:coal_block":17,"minecraft:golden_helmet":5,"minecraft:jukebox":2,"minecraft:green_bed":6,"minecraft:bamboo_slab":5,"minecraft:acacia_log":545,"minecraft:sandstone_wall":15,"minecraft:golden_axe":2,"minecraft:golden_chestplate":2,"minecraft:rabbit_foot":1,"minecraft:cauldron":2,"minecraft:bamboo_block":12,"minecraft:honey_bottle":7,"minecraft:armadillo_scute":20,"minecraft:iron_block":1,"minecraft:white_terracotta":713,"minecraft:iron_bars":14,"minecraft:birch_log":222,"minecraft:feather":6,"minecraft:cooked_beef":37,"minecraft:water_bucket":10,"minecraft:jungle_log":153,"minecraft:smoker":3,"minecraft:flint":34,"minecraft:gray_concrete":87,"minecraft:lantern":5,"minecraft:chipped_anvil":1,"minecraft:stonecutter":2,"minecraft:rabbit":6,"minecraft:diamond_helmet":3,"minecraft:glowstone_dust":62,"minecraft:ink_sac":73,"minecraft:loom":2,"minecraft:acacia_stairs":25,"minecraft:red_terracotta":19,"minecraft:stripped_acacia_log":12,"minecraft:granite":41,"minecraft:chainmail_helmet":1,"minecraft:bread":31,"minecraft:music_disc_precipice":1,"minecraft:dark_oak_fence":4,"minecraft:ominous_trial_key":6,"minecraft:diamond_pickaxe":13,"minecraft:crafting_table":18,"minecraft:sandstone_slab":1,"minecraft:ominous_bottle":3,"minecraft:clay_ball":496,"minecraft:music_disc_creator":1,"minecraft:wind_charge":18,"minecraft:cornflower":9,"minecraft:flow_banner_pattern":1,"minecraft:flint_and_steel":1,"minecraft:iron_shovel":9,"minecraft:glass_pane":5,"minecraft:cartography_table":2,"minecraft:beef":24,"minecraft:chiseled_tuff":1,"minecraft:jungle_sapling":9,"minecraft:poppy":94,"minecraft:minecart":11,"minecraft:chest":10,"minecraft:birch_sapling":38,"minecraft:egg":13,"minecraft:sandstone":316,"minecraft:carrot":1,"minecraft:redstone":110,"minecraft:netherite_pickaxe":1,"minecraft:waxed_oxidized_chiseled_copper":1,"minecraft:stone_shovel":4,"minecraft:diamond_chestplate":5,"minecraft:decorated_pot":53,"minecraft:deepslate_bricks":3,"minecraft:shears":2,"minecraft:diamond_boots":5,"minecraft:hay_block":62,"minecraft:sandstone_stairs":11,"minecraft:yellow_terracotta":10,"minecraft:flow_armor_trim_smithing_template":2,"minecraft:gold_ingot":10,"minecraft:totem_of_undying":7,"minecraft:tuff_bricks":6,"minecraft:mutton":3,"minecraft:white_wool":5,"minecraft:rail":224,"minecraft:bamboo_stairs":3,"minecraft:jungle_fence":4,"minecraft:red_mushroom":3,"minecraft:filled_map":2,"minecraft:oak_log":189,"minecraft:ancient_debris":25,"minecraft:golden_boots":2,"minecraft:white_banner":13,"minecraft:apple":106,"minecraft:glass_bottle":3,"minecraft:iron_sword":3,"minecraft:gravel":241,"minecraft:polished_tuff":1,"minecraft:leather_helmet":2,"minecraft:diamond_shovel":2,"minecraft:slime_ball":441,"minecraft:stone_axe":9,"minecraft:diamond_axe":17,"minecraft:baked_potato":9,"minecraft:ender_pearl":3,"minecraft:wheat":5,"minecraft:light_blue_concrete":8,"minecraft:potion":11,"minecraft:raw_copper":6,"minecraft:iron_leggings":3,"minecraft:netherite_ingot":1,"minecraft:sea_pickle":2,"minecraft:deepslate_tiles":1,"minecraft:red_sand":7,"minecraft:redstone_torch":3,"minecraft:cobblestone_slab":14,"minecraft:iron_pickaxe":2,"minecraft:iron_boots":2,"minecraft:furnace":12,"minecraft:tipped_arrow":105,"minecraft:stick":887,"minecraft:acacia_fence":4,"minecraft:jungle_door":4,"minecraft:brown_terracotta":113,"minecraft:polished_deepslate_stairs":81,"minecraft:torch":449,"minecraft:porkchop":2,"minecraft:pointed_dripstone":4,"minecraft:diorite":57,"minecraft:cactus":4,"minecraft:rotten_flesh":234,"minecraft:obsidian":24,"minecraft:cobblestone":1968,"minecraft:leather_chestplate":1,"minecraft:andesite":284,"minecraft:golden_leggings":2,"minecraft:potato":6,"minecraft:tuff":62,"minecraft:smooth_sandstone_stairs":15,"minecraft:acacia_boat":8,"minecraft:lapis_lazuli":55,"minecraft:dirt":100,"minecraft:name_tag":3,"minecraft:leather_boots":5,"minecraft:glass":112,"minecraft:bone":514,"minecraft:acacia_planks":38,"minecraft:bow":30,"minecraft:wheat_seeds":49,"minecraft:deepslate_brick_slab":4,"minecraft:raw_gold":40,"minecraft:grindstone":2,"minecraft:bolt_armor_trim_smithing_template":1,"minecraft:fletching_table":1,"minecraft:bamboo":5117,"minecraft:powered_rail":2,"minecraft:oak_planks":528,"minecraft:cooked_porkchop":7,"minecraft:waxed_chiseled_copper":1,"minecraft:sand":1069,"minecraft:jungle_planks":7,"minecraft:dead_bush":1,"minecraft:cyan_bed":1,"minecraft:jungle_slab":1,"minecraft:light_gray_concrete":73,"minecraft:light_gray_terracotta":84,"minecraft:sugar":12,"minecraft:black_concrete":158,"minecraft:diamond":339,"minecraft:waxed_oxidized_copper_grate":2,"minecraft:crossbow":1,"minecraft:breeze_rod":34,"minecraft:bone_meal":5,"minecraft:golden_apple":2,"minecraft:white_concrete":40,"minecraft:emerald":264,"minecraft:oak_sapling":39,"minecraft:netherrack":1191,"minecraft:cocoa_beans":46,"minecraft:waxed_oxidized_cut_copper":1,"minecraft:chicken":1,"minecraft:chest_minecart":5,"minecraft:wooden_pickaxe":2,"minecraft:shield":6,"minecraft:iron_axe":11,"minecraft:quartz_slab":76,"minecraft:blackstone":6,"minecraft:light_gray_wool":1,"minecraft:lectern":337,"minecraft:sugar_cane":798,"minecraft:phantom_membrane":57,"minecraft:raw_iron":121,"minecraft:copper_ingot":6,"minecraft:stone_button":3,"minecraft:trident":2,"minecraft:smooth_sandstone_slab":12,"minecraft:arrow":684,"minecraft:saddle":9,"minecraft:golden_carrot":41,"minecraft:salmon":135,"minecraft:cut_sandstone":44,"minecraft:leather":27,"minecraft:birch_planks":4,"minecraft:granite_stairs":4,"minecraft:waxed_copper_bulb":3,"minecraft:chainmail_chestplate":1,"minecraft:gunpowder":64,"minecraft:deepslate_tile_slab":12,"minecraft:orange_terracotta":427,"minecraft:smooth_sandstone":150,"minecraft:rabbit_hide":3,"minecraft:iron_ingot":582,"minecraft:acacia_sapling":100,"minecraft:book":50,"minecraft:oak_slab":16,"minecraft:bamboo_fence":8,"minecraft:bamboo_planks":347,"minecraft:quartz":1239,"minecraft:lava_bucket":1,"minecraft:blast_furnace":13,"minecraft:white_bed":3,"minecraft:spider_eye":57,"minecraft:stripped_jungle_log":48,"minecraft:pumpkin_seeds":5,"minecraft:iron_helmet":1,"minecraft:waxed_oxidized_cut_copper_slab":1,"minecraft:terracotta":1222,"minecraft:acacia_slab":5,"minecraft:damaged_anvil":1,"minecraft:chiseled_tuff_bricks":1,"minecraft:coal":456},"minecraft:killed":{"minecraft:cave_spider":1,"minecraft:skeleton":441,"minecraft:chicken":1,"minecraft:magma_cube":16,"minecraft:parrot":1,"minecraft:salmon":143,"minecraft:iron_golem":1,"minecraft:pillager":11,"minecraft:zombie":108,"minecraft:cow":9,"minecraft:evoker":1,"minecraft:vindicator":2,"minecraft:husk":16,"minecraft:rabbit":4,"minecraft:ravager":2,"minecraft:breeze":18,"minecraft:enderman":4,"minecraft:witch":3,"minecraft:spider":70,"minecraft:silverfish":12,"minecraft:wolf":1,"minecraft:piglin":15,"minecraft:pig":1,"minecraft:creeper":31,"minecraft:sheep":5,"minecraft:trader_llama":5,"minecraft:stray":59,"minecraft:ghast":2,"minecraft:vex":5,"minecraft:armadillo":2,"minecraft:slime":412,"minecraft:phantom":40,"minecraft:drowned":15,"minecraft:squid":35},"minecraft:mined":{"minecraft:white_bed":1,"minecraft:light_blue_concrete":8,"minecraft:jungle_leaves":15,"minecraft:obsidian":23,"minecraft:potted_dead_bush":2,"minecraft:granite":37,"minecraft:red_sand":7,"minecraft:acacia_log":489,"minecraft:jungle_log":153,"minecraft:deepslate_bricks":2,"minecraft:chiseled_tuff_bricks":1,"minecraft:bamboo_block":12,"minecraft:tall_seagrass":15,"minecraft:cobbled_deepslate":5,"minecraft:fire":108,"minecraft:fletching_table":1,"minecraft:water_cauldron":2,"minecraft:oak_stairs":31,"minecraft:quartz_slab":67,"minecraft:light_gray_concrete":73,"minecraft:smooth_sandstone_stairs":15,"minecraft:white_banner":1,"minecraft:bamboo_slab":5,"minecraft:sandstone_slab":1,"minecraft:cut_sandstone":33,"minecraft:deepslate_tile_slab":8,"minecraft:torch":14,"minecraft:blast_furnace":4,"minecraft:melon":8,"minecraft:dead_bush":232,"minecraft:cyan_bed":2,"minecraft:sugar_cane":371,"minecraft:damaged_anvil":1,"minecraft:smooth_sandstone_slab":14,"minecraft:white_terracotta":725,"minecraft:waxed_copper_bulb":2,"minecraft:bamboo_planks":346,"minecraft:wheat":1,"minecraft:jukebox":2,"minecraft:waxed_copper_block":1,"minecraft:birch_door":2,"minecraft:loom":2,"minecraft:sandstone_wall":15,"minecraft:stonecutter":2,"minecraft:deepslate":497,"minecraft:yellow_terracotta":12,"minecraft:deepslate_tiles":1,"minecraft:waxed_oxidized_chiseled_copper":1,"minecraft:dark_oak_fence":2,"minecraft:jungle_planks":5,"minecraft:cartography_table":2,"minecraft:waxed_oxidized_cut_copper":1,"minecraft:waxed_copper_grate":4,"minecraft:andesite":90,"minecraft:chiseled_tuff":1,"minecraft:cobblestone_slab":14,"minecraft:vine":5,"minecraft:rail":100,"minecraft:bamboo_sapling":1,"minecraft:bamboo":487,"minecraft:smithing_table":3,"minecraft:oak_slab":12,"minecraft:gray_concrete":87,"minecraft:glass_pane":6,"minecraft:lily_of_the_valley":1,"minecraft:smooth_sandstone":141,"minecraft:cornflower":9,"minecraft:short_grass":110,"minecraft:tall_grass":4,"minecraft:copper_ore":1,"minecraft:deepslate_gold_ore":19,"minecraft:diorite":95,"minecraft:red_terracotta":22,"minecraft:birch_leaves":5,"minecraft:jungle_fence":4,"minecraft:gravel":280,"minecraft:cobweb":10,"minecraft:brown_terracotta":133,"minecraft:acacia_planks":4,"minecraft:chipped_anvil":1,"minecraft:fern":18,"minecraft:farmland":7,"minecraft:jungle_slab":1,"minecraft:brewing_stand":1,"minecraft:grass_block":5,"minecraft:white_concrete":40,"minecraft:composter":1,"minecraft:tuff_bricks":6,"minecraft:sandstone_stairs":11,"minecraft:glowstone":20,"minecraft:iron_ore":71,"minecraft:polished_tuff":1,"minecraft:pointed_dripstone":2,"minecraft:iron_bars":14,"minecraft:granite_stairs":4,"minecraft:green_bed":5,"minecraft:jungle_door":3,"minecraft:blackstone":17,"minecraft:polished_deepslate_stairs":83,"minecraft:orange_terracotta":424,"minecraft:bamboo_stairs":3,"minecraft:clay":125,"minecraft:light_gray_terracotta":173,"minecraft:chest":10,"minecraft:nether_quartz_ore":916,"minecraft:cobblestone":85,"minecraft:grindstone":2,"minecraft:oak_planks":381,"minecraft:waxed_chiseled_copper":1,"minecraft:wall_torch":18,"minecraft:seagrass":13,"minecraft:acacia_sapling":6,"minecraft:birch_log":133,"minecraft:tnt":1,"minecraft:oak_log":133,"minecraft:acacia_fence":4,"minecraft:sand":628,"minecraft:dirt":76,"minecraft:netherrack":1933,"minecraft:ancient_debris":25,"minecraft:oak_leaves":28,"minecraft:granite_wall":1,"minecraft:nether_gold_ore":80,"minecraft:diamond_ore":6,"minecraft:tuff":39,"minecraft:deepslate_diamond_ore":136,"minecraft:bamboo_fence":8,"minecraft:decorated_pot":49,"minecraft:acacia_slab":4,"minecraft:sandstone":213,"minecraft:hay_block":60,"minecraft:deepslate_brick_slab":4,"minecraft:furnace":12,"minecraft:waxed_oxidized_cut_copper_slab":1,"minecraft:acacia_stairs":22,"minecraft:black_concrete":158,"minecraft:bookshelf":11,"minecraft:deepslate_iron_ore":49,"minecraft:lantern":4,"minecraft:stripped_acacia_log":10,"minecraft:stripped_jungle_log":48,"minecraft:stone":1107,"minecraft:acacia_leaves":191,"minecraft:crafting_table":15,"minecraft:lectern":335,"minecraft:sculk":2,"minecraft:lime_bed":1,"minecraft:birch_planks":1,"minecraft:cactus":3,"minecraft:waxed_oxidized_copper_grate":2,"minecraft:sea_pickle":1,"minecraft:redstone_torch":1,"minecraft:white_wall_banner":5,"minecraft:coal_ore":157,"minecraft:cocoa":18,"minecraft:terracotta":845},"minecraft:broken":{"minecraft:golden_boots":1,"minecraft:diamond_helmet":2,"minecraft:diamond_pickaxe":3,"minecraft:iron_sword":1,"minecraft:wooden_pickaxe":1,"minecraft:shield":2,"minecraft:iron_axe":2,"minecraft:iron_pickaxe":2,"minecraft:iron_helmet":1,"minecraft:golden_helmet":1,"minecraft:iron_shovel":3,"minecraft:stone_pickaxe":2,"minecraft:diamond_boots":1,"minecraft:stone_axe":1,"minecraft:diamond_chestplate":1,"minecraft:diamond_axe":1},"minecraft:crafted":{"minecraft:black_dye":54,"minecraft:light_gray_concrete_powder":64,"minecraft:wolf_armor":2,"minecraft:diamond_shovel":1,"minecraft:bookshelf":19,"minecraft:iron_bars":592,"minecraft:quartz_block":314,"minecraft:glass":87,"minecraft:diamond_helmet":2,"minecraft:diamond_leggings":2,"minecraft:netherite_boots":1,"minecraft:light_blue_concrete_powder":8,"minecraft:tipped_arrow":30,"minecraft:acacia_fence":57,"minecraft:cooked_rabbit":2,"minecraft:emerald":1482,"minecraft:diamond_axe":3,"minecraft:acacia_slab":54,"minecraft:smithing_table":1,"minecraft:hay_block":46,"minecraft:bamboo_planks":992,"minecraft:lectern":1,"minecraft:stone_slab":2,"minecraft:iron_pickaxe":1,"minecraft:iron_block":24,"minecraft:gold_ingot":35,"minecraft:sandstone":6,"minecraft:light_gray_dye":12,"minecraft:netherite_ingot":6,"minecraft:golden_carrot":357,"minecraft:jukebox":1,"minecraft:polished_deepslate_stairs":64,"minecraft:diamond_hoe":1,"minecraft:bone_meal":12,"minecraft:bamboo_stairs":16,"minecraft:black_concrete_powder":200,"minecraft:stone_pickaxe":2,"minecraft:diamond_boots":3,"minecraft:quartz_slab":624,"minecraft:jungle_fence":6,"minecraft:wheat":414,"minecraft:coal_block":18,"minecraft:netherite_pickaxe":1,"minecraft:enchanting_table":1,"minecraft:gray_concrete_powder":80,"minecraft:acacia_stairs":40,"minecraft:enchanted_book":14,"minecraft:jungle_slab":6,"minecraft:bamboo_slab":72,"minecraft:sandstone_wall":8,"minecraft:iron_shovel":3,"minecraft:iron_leggings":1,"minecraft:grindstone":1,"minecraft:oak_planks":536,"minecraft:stone":330,"minecraft:bamboo_block":549,"minecraft:bow":4,"minecraft:iron_boots":1,"minecraft:chest":23,"minecraft:netherite_helmet":2,"minecraft:netherite_upgrade_smithing_template":10,"minecraft:crafting_table":11,"minecraft:wooden_pickaxe":1,"minecraft:iron_helmet":1,"minecraft:birch_planks":12,"minecraft:iron_chestplate":1,"minecraft:paper":756,"minecraft:diamond_pickaxe":5,"minecraft:emerald_block":64,"minecraft:shield":5,"minecraft:stick":2462,"minecraft:light_blue_dye":4,"minecraft:iron_ingot":233,"minecraft:sandstone_stairs":44,"minecraft:coal":144,"minecraft:netherite_sword":1,"minecraft:bamboo_fence":33,"minecraft:furnace":5,"minecraft:gray_dye":10,"minecraft:glass_pane":256,"minecraft:netherite_chestplate":2,"minecraft:netherite_leggings":1,"minecraft:white_concrete_powder":40,"minecraft:polished_deepslate":64,"minecraft:chiseled_bookshelf":14,"minecraft:netherite_scrap":25,"minecraft:cooked_beef":23,"minecraft:diamond_sword":1,"minecraft:iron_sword":1,"minecraft:cooked_salmon":143,"minecraft:bucket":1,"minecraft:stone_axe":1,"minecraft:air":0,"minecraft:bread":3,"minecraft:acacia_boat":1,"minecraft:jungle_planks":508,"minecraft:blue_dye":9,"minecraft:smooth_sandstone_slab":12,"minecraft:white_dye":12,"minecraft:stonecutter":1,"minecraft:anvil":1,"minecraft:acacia_planks":764,"minecraft:torch":36,"minecraft:bamboo_trapdoor":2,"minecraft:clay":124,"minecraft:diamond_chestplate":3},"minecraft:custom":{"minecraft:interact_with_crafting_table":225,"minecraft:open_barrel":16,"minecraft:bell_ring":26,"minecraft:eat_cake_slice":7,"minecraft:leave_game":32,"minecraft:time_since_death":1686921,"minecraft:damage_blocked_by_shield":8379,"minecraft:play_time":2544520,"minecraft:deaths":10,"minecraft:jump":44692,"minecraft:enchant_item":24,"minecraft:interact_with_furnace":180,"minecraft:traded_with_villager":1646,"minecraft:sleep_in_bed":37,"minecraft:damage_dealt":107873,"minecraft:interact_with_smoker":3,"minecraft:inspect_dispenser":30,"minecraft:horse_one_cm":339552,"minecraft:interact_with_smithing_table":6,"minecraft:interact_with_anvil":19,"minecraft:inspect_hopper":9,"minecraft:sneak_time":99493,"minecraft:interact_with_blast_furnace":56,"minecraft:total_world_time":2544520,"minecraft:interact_with_stonecutter":8,"minecraft:time_since_rest":157666,"minecraft:swim_one_cm":1078236,"minecraft:fly_one_cm":11331288,"minecraft:open_chest":1638,"minecraft:fall_one_cm":1240254,"minecraft:animals_bred":11,"minecraft:sprint_one_cm":6472989,"minecraft:drop":345,"minecraft:talked_to_villager":989,"minecraft:walk_on_water_one_cm":804165,"minecraft:interact_with_loom":2,"minecraft:player_kills":4,"minecraft:crouch_one_cm":263044,"minecraft:mob_kills":1548,"minecraft:climb_one_cm":94546,"minecraft:walk_one_cm":5704931,"minecraft:raid_win":1,"minecraft:walk_under_water_one_cm":1440506,"minecraft:boat_one_cm":38029,"minecraft:interact_with_grindstone":8,"minecraft:damage_taken":27638,"minecraft:damage_absorbed":163},"minecraft:killed_by":{"minecraft:ravager":1,"minecraft:vindicator":1,"minecraft:zombie":1,"minecraft:vex":1,"minecraft:creeper":1,"minecraft:player":3,"minecraft:spider":1},"minecraft:dropped":{"minecraft:iron_sword":3,"minecraft:lapis_lazuli":32,"minecraft:glass_bottle":3,"minecraft:diamond":18,"minecraft:crafting_table":2,"minecraft:fletching_table":1,"minecraft:rail":1,"minecraft:leather_helmet":1,"minecraft:red_mushroom":1,"minecraft:emerald":74,"minecraft:dirt":11,"minecraft:bone_meal":3,"minecraft:sand":11,"minecraft:iron_pickaxe":1,"minecraft:bone":69,"minecraft:stone_axe":8,"minecraft:sugar_cane":8,"minecraft:golden_chestplate":1,"minecraft:cobbled_deepslate":68,"minecraft:rotten_flesh":43,"minecraft:oak_planks":36,"minecraft:rabbit_foot":1,"minecraft:wind_charge":1,"minecraft:jungle_log":3,"minecraft:leather_boots":2,"minecraft:lectern":1,"minecraft:cartography_table":2,"minecraft:netherite_pickaxe":1,"minecraft:wheat_seeds":5,"minecraft:yellow_terracotta":2,"minecraft:feather":5,"minecraft:cobblestone":702,"minecraft:apple":1,"minecraft:granite":28,"minecraft:coal":67,"minecraft:lava_bucket":1,"minecraft:golden_carrot":49,"minecraft:ink_sac":15,"minecraft:rabbit":3,"minecraft:cooked_salmon":3,"minecraft:brown_terracotta":3,"minecraft:smooth_sandstone_slab":1,"minecraft:smooth_sandstone":1,"minecraft:iron_shovel":3,"minecraft:string":40,"minecraft:cocoa_beans":9,"minecraft:stone_shovel":4,"minecraft:name_tag":1,"minecraft:white_terracotta":1,"minecraft:shears":1,"minecraft:blast_furnace":2,"minecraft:diamond_sword":3,"minecraft:potato":1,"minecraft:diamond_pickaxe":8,"minecraft:spider_eye":12,"minecraft:bamboo":7,"minecraft:sandstone":10,"minecraft:bow":6,"minecraft:terracotta":5,"minecraft:birch_planks":1,"minecraft:diamond_axe":12,"minecraft:decorated_pot":2,"minecraft:jungle_planks":1,"minecraft:waxed_oxidized_chiseled_copper":1,"minecraft:cut_sandstone":12,"minecraft:black_concrete":1,"minecraft:birch_log":60,"minecraft:gold_ingot":5,"minecraft:gravel":7,"minecraft:blackstone":6,"minecraft:diamond_shovel":1,"minecraft:honey_bottle":4,"minecraft:poppy":15,"minecraft:rabbit_hide":3,"minecraft:gunpowder":4,"minecraft:birch_door":1,"minecraft:arrow":215,"minecraft:quartz":1,"minecraft:netherrack":276,"minecraft:bread":19,"minecraft:water_bucket":2,"minecraft:golden_helmet":3,"minecraft:diamond_leggings":2,"minecraft:copper_ingot":2,"minecraft:stick":73,"minecraft:diorite":30,"minecraft:torch":5,"minecraft:waxed_copper_bulb":1,"minecraft:fire_charge":5,"minecraft:iron_leggings":2,"minecraft:iron_axe":5,"minecraft:bucket":1,"minecraft:redstone":14,"minecraft:raw_copper":6,"minecraft:light_gray_terracotta":1,"minecraft:tuff":8,"minecraft:raw_iron":3,"minecraft:deepslate_bricks":1,"minecraft:filled_map":2,"minecraft:shield":1,"minecraft:diamond_chestplate":3,"minecraft:orange_terracotta":4,"minecraft:iron_chestplate":2,"minecraft:andesite":118,"minecraft:cake":1,"minecraft:oak_sapling":2,"minecraft:waxed_oxidized_cut_copper":1,"minecraft:golden_sword":1,"minecraft:slime_ball":202,"minecraft:diamond_boots":2,"minecraft:wooden_pickaxe":1},"minecraft:used":{"minecraft:tuff_bricks":3,"minecraft:chiseled_tuff":1,"minecraft:chest":33,"minecraft:rotten_flesh":28,"minecraft:jungle_slab":1,"minecraft:acacia_sapling":83,"minecraft:deepslate_brick_slab":3,"minecraft:jungle_sapling":9,"minecraft:lava_bucket":18,"minecraft:birch_sapling":21,"minecraft:bow":171,"minecraft:oak_sapling":14,"minecraft:furnace":17,"minecraft:acacia_fence":57,"minecraft:egg":12,"minecraft:diorite":4,"minecraft:damaged_anvil":1,"minecraft:powered_rail":1,"minecraft:cactus":1,"minecraft:wooden_pickaxe":55,"minecraft:clay":1,"minecraft:golden_apple":3,"minecraft:sand":391,"minecraft:blast_furnace":9,"minecraft:gray_concrete":77,"minecraft:black_concrete_powder":136,"minecraft:deepslate_tiles":3,"minecraft:diamond":147,"minecraft:stone_button":3,"minecraft:lectern":336,"minecraft:diamond_sword":1012,"minecraft:smithing_table":5,"minecraft:iron_bars":606,"minecraft:enchanting_table":1,"minecraft:acacia_log":202,"minecraft:cooked_salmon":143,"minecraft:trial_key":10,"minecraft:sandstone_wall":10,"minecraft:netherrack":242,"minecraft:torch":267,"minecraft:brewing_stand":1,"minecraft:anvil":1,"minecraft:bamboo_fence":41,"minecraft:iron_axe":237,"minecraft:jungle_log":49,"minecraft:totem_of_undying":1,"minecraft:bamboo":148,"minecraft:acacia_planks":9,"minecraft:cobbled_deepslate":68,"minecraft:orange_terracotta":17,"minecraft:water_bucket":281,"minecraft:chiseled_bookshelf":14,"minecraft:sandstone_stairs":55,"minecraft:rabbit":1,"minecraft:birch_planks":1,"minecraft:cartography_table":2,"minecraft:smooth_sandstone_slab":28,"minecraft:cauldron":1,"minecraft:deepslate_bricks":4,"minecraft:rail":102,"minecraft:oak_slab":37,"minecraft:crafting_table":27,"minecraft:white_bed":1,"minecraft:diamond_pickaxe":7759,"minecraft:ominous_trial_key":6,"minecraft:diamond_shovel":422,"minecraft:stripped_jungle_log":3,"minecraft:wind_charge":35,"minecraft:iron_pickaxe":527,"minecraft:bamboo_slab":8,"minecraft:enchanted_book":64,"minecraft:cobblestone":592,"minecraft:potion":1,"minecraft:cooked_porkchop":4,"minecraft:sandstone_slab":1,"minecraft:glass_pane":241,"minecraft:netherite_ingot":2,"minecraft:jukebox":2,"minecraft:diamond_leggings":2,"minecraft:red_sand":2,"minecraft:iron_shovel":478,"minecraft:polished_deepslate":2,"minecraft:white_concrete_powder":40,"minecraft:decorated_pot":23,"minecraft:shield":121,"minecraft:white_terracotta":693,"minecraft:iron_sword":299,"minecraft:smooth_sandstone_stairs":15,"minecraft:iron_chestplate":1,"minecraft:jungle_planks":1,"minecraft:deepslate_tile_slab":7,"minecraft:tuff":8,"minecraft:obsidian":10,"minecraft:milk_bucket":1,"minecraft:honey_bottle":4,"minecraft:polished_deepslate_stairs":83,"minecraft:glass":17,"minecraft:waxed_oxidized_copper_grate":2,"minecraft:quartz_slab":704,"minecraft:lantern":5,"minecraft:gray_concrete_powder":80,"minecraft:golden_sword":4,"minecraft:bamboo_trapdoor":2,"minecraft:stripped_acacia_log":12,"minecraft:stone_pickaxe":262,"minecraft:jungle_fence":10,"minecraft:oak_planks":383,"minecraft:sandstone":23,"minecraft:sugar_cane":1,"minecraft:diamond_axe":3145,"minecraft:bamboo_stairs":12,"minecraft:light_blue_concrete":2,"minecraft:loom":2,"minecraft:light_gray_terracotta":21,"minecraft:lingering_potion":3,"minecraft:redstone_torch":2,"minecraft:waxed_chiseled_copper":1,"minecraft:black_concrete":157,"minecraft:light_gray_concrete":67,"minecraft:string":8,"minecraft:bread":20,"minecraft:gravel":4,"minecraft:light_blue_concrete_powder":8,"minecraft:grindstone":2,"minecraft:cooked_rabbit":2,"minecraft:andesite":57,"minecraft:chest_minecart":2,"minecraft:white_concrete":6,"minecraft:bone_meal":2,"minecraft:waxed_copper_bulb":2,"minecraft:trident":1173,"minecraft:netherite_sword":127,"minecraft:granite_stairs":2,"minecraft:dirt":85,"minecraft:salmon_bucket":7,"minecraft:granite":1,"minecraft:birch_door":2,"minecraft:bookshelf":18,"minecraft:oak_stairs":49,"minecraft:acacia_slab":52,"minecraft:smooth_sandstone":63,"minecraft:iron_boots":1,"minecraft:golden_carrot":289,"minecraft:deepslate_tile_stairs":2,"minecraft:netherite_pickaxe":396,"minecraft:cooked_beef":17,"minecraft:bamboo_planks":1023,"minecraft:acacia_boat":6,"minecraft:baked_potato":1,"minecraft:cut_sandstone":24,"minecraft:stonecutter":3,"minecraft:green_bed":5,"minecraft:cobblestone_slab":14,"minecraft:terracotta":392,"minecraft:bamboo_block":12,"minecraft:light_gray_concrete_powder":64,"minecraft:smoker":3,"minecraft:book":86,"minecraft:acacia_stairs":59,"minecraft:stone_axe":77,"minecraft:white_banner":13,"minecraft:jungle_door":5,"minecraft:bucket":307,"minecraft:sea_pickle":2,"minecraft:splash_potion":1}},"DataVersion":3953}