{"stats":{"minecraft:mined":{"minecraft:farmland":7,"minecraft:jungle_leaves":14,"minecraft:obsidian":23,"minecraft:granite":26,"minecraft:red_sand":7,"minecraft:acacia_log":396,"minecraft:grass_block":5,"minecraft:jungle_log":152,"minecraft:composter":1,"minecraft:bamboo_block":3,"minecraft:sandstone_stairs":11,"minecraft:tall_seagrass":5,"minecraft:glowstone":20,"minecraft:iron_ore":67,"minecraft:fire":82,"minecraft:fletching_table":1,"minecraft:pointed_dripstone":2,"minecraft:water_cauldron":2,"minecraft:oak_stairs":31,"minecraft:quartz_slab":59,"minecraft:smooth_sandstone_stairs":15,"minecraft:granite_stairs":4,"minecraft:green_bed":4,"minecraft:sandstone_slab":1,"minecraft:cut_sandstone":31,"minecraft:jungle_door":3,"minecraft:orange_terracotta":419,"minecraft:light_gray_terracotta":23,"minecraft:blast_furnace":2,"minecraft:melon":8,"minecraft:chest":3,"minecraft:dead_bush":231,"minecraft:nether_quartz_ore":740,"minecraft:cobblestone":59,"minecraft:cyan_bed":1,"minecraft:grindstone":1,"minecraft:oak_planks":261,"minecraft:smooth_sandstone_slab":3,"minecraft:wall_torch":5,"minecraft:seagrass":3,"minecraft:white_terracotta":263,"minecraft:acacia_sapling":6,"minecraft:bamboo_planks":169,"minecraft:birch_log":73,"minecraft:wheat":1,"minecraft:birch_door":2,"minecraft:oak_log":133,"minecraft:acacia_fence":1,"minecraft:loom":2,"minecraft:sand":248,"minecraft:dirt":65,"minecraft:netherrack":289,"minecraft:oak_leaves":27,"minecraft:deepslate":335,"minecraft:granite_wall":1,"minecraft:diamond_ore":4,"minecraft:tuff":27,"minecraft:deepslate_diamond_ore":83,"minecraft:bamboo_fence":1,"minecraft:dark_oak_fence":2,"minecraft:jungle_planks":1,"minecraft:acacia_slab":3,"minecraft:cartography_table":2,"minecraft:sandstone":153,"minecraft:hay_block":46,"minecraft:furnace":10,"minecraft:acacia_stairs":21,"minecraft:andesite":61,"minecraft:bookshelf":8,"minecraft:deepslate_iron_ore":49,"minecraft:vine":5,"minecraft:rail":4,"minecraft:stripped_acacia_log":2,"minecraft:stripped_jungle_log":48,"minecraft:bamboo_sapling":1,"minecraft:bamboo":427,"minecraft:stone":495,"minecraft:oak_slab":2,"minecraft:acacia_leaves":161,"minecraft:glass_pane":5,"minecraft:smooth_sandstone":115,"minecraft:crafting_table":11,"minecraft:short_grass":42,"minecraft:tall_grass":4,"minecraft:copper_ore":1,"minecraft:deepslate_gold_ore":19,"minecraft:diorite":17,"minecraft:lime_bed":1,"minecraft:birch_planks":1,"minecraft:cactus":2,"minecraft:red_terracotta":19,"minecraft:sea_pickle":1,"minecraft:birch_leaves":3,"minecraft:jungle_fence":1,"minecraft:coal_ore":149,"minecraft:cocoa":15,"minecraft:gravel":13,"minecraft:cobweb":10,"minecraft:brown_terracotta":113,"minecraft:terracotta":811,"minecraft:acacia_planks":1},"minecraft:dropped":{"minecraft:iron_sword":2,"minecraft:birch_planks":1,"minecraft:diamond_axe":11,"minecraft:lapis_lazuli":32,"minecraft:glass_bottle":1,"minecraft:diamond":2,"minecraft:crafting_table":2,"minecraft:jungle_planks":1,"minecraft:fletching_table":1,"minecraft:red_mushroom":1,"minecraft:dirt":10,"minecraft:cut_sandstone":12,"minecraft:bone_meal":3,"minecraft:sand":10,"minecraft:iron_pickaxe":1,"minecraft:gold_ingot":5,"minecraft:bone":3,"minecraft:gravel":2,"minecraft:sugar_cane":5,"minecraft:golden_chestplate":1,"minecraft:cobbled_deepslate":67,"minecraft:diamond_shovel":1,"minecraft:rabbit_foot":1,"minecraft:poppy":1,"minecraft:rabbit_hide":3,"minecraft:jungle_log":3,"minecraft:arrow":5,"minecraft:quartz":1,"minecraft:cartography_table":2,"minecraft:water_bucket":2,"minecraft:bread":8,"minecraft:wheat_seeds":5,"minecraft:golden_helmet":1,"minecraft:feather":2,"minecraft:cobblestone":377,"minecraft:apple":1,"minecraft:granite":26,"minecraft:copper_ingot":2,"minecraft:coal":67,"minecraft:stick":69,"minecraft:lava_bucket":1,"minecraft:diorite":8,"minecraft:ink_sac":14,"minecraft:rabbit":3,"minecraft:cooked_salmon":3,"minecraft:iron_leggings":2,"minecraft:brown_terracotta":3,"minecraft:smooth_sandstone_slab":1,"minecraft:iron_axe":5,"minecraft:smooth_sandstone":1,"minecraft:iron_shovel":3,"minecraft:string":2,"minecraft:redstone":14,"minecraft:raw_copper":6,"minecraft:white_terracotta":1,"minecraft:shears":1,"minecraft:orange_terracotta":4,"minecraft:diamond_pickaxe":6,"minecraft:andesite":104,"minecraft:oak_sapling":2,"minecraft:golden_sword":1,"minecraft:bamboo":6,"minecraft:diamond_boots":1,"minecraft:sandstone":3,"minecraft:wooden_pickaxe":1,"minecraft:terracotta":3},"minecraft:crafted":{"minecraft:oak_planks":536,"minecraft:wolf_armor":1,"minecraft:bamboo_block":508,"minecraft:quartz_block":183,"minecraft:glass":87,"minecraft:bow":1,"minecraft:iron_boots":1,"minecraft:tipped_arrow":5,"minecraft:chest":9,"minecraft:cooked_rabbit":2,"minecraft:emerald":304,"minecraft:diamond_axe":3,"minecraft:crafting_table":5,"minecraft:acacia_slab":54,"minecraft:wooden_pickaxe":1,"minecraft:iron_helmet":1,"minecraft:hay_block":46,"minecraft:birch_planks":12,"minecraft:bamboo_planks":910,"minecraft:iron_chestplate":1,"minecraft:diamond_pickaxe":3,"minecraft:shield":3,"minecraft:stick":2409,"minecraft:iron_ingot":215,"minecraft:iron_pickaxe":1,"minecraft:iron_block":21,"minecraft:sandstone_stairs":44,"minecraft:golden_carrot":87,"minecraft:coal":54,"minecraft:diamond_hoe":1,"minecraft:bamboo_fence":21,"minecraft:furnace":4,"minecraft:glass_pane":112,"minecraft:stone_pickaxe":2,"minecraft:diamond_boots":1,"minecraft:quartz_slab":366,"minecraft:jungle_fence":6,"minecraft:wheat":414,"minecraft:cooked_beef":23,"minecraft:coal_block":18,"minecraft:diamond_sword":1,"minecraft:iron_sword":1,"minecraft:cooked_salmon":143,"minecraft:acacia_stairs":40,"minecraft:bucket":1,"minecraft:stone_axe":1,"minecraft:bread":3,"minecraft:acacia_boat":1,"minecraft:air":0,"minecraft:jungle_planks":500,"minecraft:iron_shovel":1,"minecraft:iron_leggings":1,"minecraft:acacia_planks":764,"minecraft:torch":16,"minecraft:diamond_chestplate":1},"minecraft:picked_up":{"minecraft:iron_chestplate":1,"minecraft:birch_door":2,"minecraft:wheat":4,"minecraft:flower_pot":2,"minecraft:oak_stairs":49,"minecraft:potion":2,"minecraft:enchanted_book":5,"minecraft:golden_sword":1,"minecraft:string":72,"minecraft:raw_copper":6,"minecraft:cooked_salmon":54,"minecraft:iron_leggings":3,"minecraft:sea_pickle":2,"minecraft:diamond_leggings":4,"minecraft:red_sand":7,"minecraft:cobbled_deepslate":515,"minecraft:iron_pickaxe":2,"minecraft:melon_slice":32,"minecraft:coal_block":17,"minecraft:iron_boots":2,"minecraft:furnace":10,"minecraft:golden_helmet":1,"minecraft:stick":852,"minecraft:acacia_fence":1,"minecraft:jungle_door":4,"minecraft:brown_terracotta":113,"minecraft:torch":181,"minecraft:acacia_log":452,"minecraft:green_bed":4,"minecraft:porkchop":2,"minecraft:golden_axe":2,"minecraft:pointed_dripstone":4,"minecraft:diorite":8,"minecraft:golden_chestplate":2,"minecraft:cauldron":2,"minecraft:rabbit_foot":1,"minecraft:bamboo_block":3,"minecraft:cactus":4,"minecraft:rotten_flesh":83,"minecraft:armadillo_scute":8,"minecraft:white_terracotta":254,"minecraft:obsidian":23,"minecraft:cobblestone":1091,"minecraft:birch_log":162,"minecraft:cooked_beef":36,"minecraft:feather":2,"minecraft:water_bucket":9,"minecraft:andesite":263,"minecraft:jungle_log":153,"minecraft:smoker":3,"minecraft:potato":1,"minecraft:flint":2,"minecraft:tuff":50,"minecraft:smooth_sandstone_stairs":15,"minecraft:acacia_boat":8,"minecraft:lapis_lazuli":38,"minecraft:dirt":87,"minecraft:name_tag":3,"minecraft:glass":16,"minecraft:bone":107,"minecraft:acacia_planks":35,"minecraft:bow":7,"minecraft:wheat_seeds":36,"minecraft:raw_gold":40,"minecraft:grindstone":1,"minecraft:diamond_helmet":3,"minecraft:glowstone_dust":62,"minecraft:rabbit":6,"minecraft:fletching_table":1,"minecraft:bamboo":4498,"minecraft:oak_planks":375,"minecraft:cooked_porkchop":4,"minecraft:jungle_planks":4,"minecraft:sand":331,"minecraft:ink_sac":14,"minecraft:loom":2,"minecraft:acacia_stairs":22,"minecraft:red_terracotta":19,"minecraft:stripped_acacia_log":4,"minecraft:light_gray_terracotta":15,"minecraft:sugar":12,"minecraft:diamond":155,"minecraft:crossbow":1,"minecraft:granite":39,"minecraft:bone_meal":5,"minecraft:golden_apple":1,"minecraft:chainmail_helmet":1,"minecraft:bread":19,"minecraft:emerald":56,"minecraft:oak_sapling":35,"minecraft:netherrack":289,"minecraft:dark_oak_fence":4,"minecraft:diamond_pickaxe":11,"minecraft:cocoa_beans":37,"minecraft:crafting_table":14,"minecraft:sandstone_slab":1,"minecraft:chest_minecart":4,"minecraft:wooden_pickaxe":2,"minecraft:shield":4,"minecraft:iron_axe":10,"minecraft:flint_and_steel":1,"minecraft:quartz_slab":67,"minecraft:iron_shovel":7,"minecraft:glass_pane":5,"minecraft:cartography_table":2,"minecraft:beef":24,"minecraft:jungle_sapling":8,"minecraft:poppy":3,"minecraft:light_gray_wool":1,"minecraft:chest":3,"minecraft:sugar_cane":38,"minecraft:birch_sapling":29,"minecraft:phantom_membrane":18,"minecraft:egg":12,"minecraft:raw_iron":116,"minecraft:sandstone":152,"minecraft:copper_ingot":6,"minecraft:stone_button":3,"minecraft:carrot":1,"minecraft:redstone":62,"minecraft:smooth_sandstone_slab":1,"minecraft:diamond_chestplate":2,"minecraft:arrow":31,"minecraft:shears":2,"minecraft:diamond_boots":5,"minecraft:hay_block":46,"minecraft:sandstone_stairs":11,"minecraft:yellow_terracotta":8,"minecraft:gold_ingot":10,"minecraft:saddle":9,"minecraft:totem_of_undying":7,"minecraft:mutton":3,"minecraft:white_wool":5,"minecraft:rail":38,"minecraft:salmon":130,"minecraft:cut_sandstone":42,"minecraft:leather":25,"minecraft:jungle_fence":1,"minecraft:red_mushroom":3,"minecraft:birch_planks":4,"minecraft:granite_stairs":4,"minecraft:oak_log":189,"minecraft:chainmail_chestplate":1,"minecraft:golden_boots":1,"minecraft:gunpowder":14,"minecraft:white_banner":6,"minecraft:orange_terracotta":426,"minecraft:smooth_sandstone":122,"minecraft:apple":104,"minecraft:rabbit_hide":3,"minecraft:iron_ingot":188,"minecraft:glass_bottle":1,"minecraft:iron_sword":1,"minecraft:acacia_sapling":83,"minecraft:book":26,"minecraft:oak_slab":2,"minecraft:bamboo_fence":1,"minecraft:bamboo_planks":170,"minecraft:quartz":960,"minecraft:gravel":8,"minecraft:lava_bucket":1,"minecraft:blast_furnace":10,"minecraft:white_bed":2,"minecraft:spider_eye":3,"minecraft:stripped_jungle_log":48,"minecraft:diamond_shovel":2,"minecraft:pumpkin_seeds":5,"minecraft:stone_axe":1,"minecraft:iron_helmet":1,"minecraft:diamond_axe":14,"minecraft:terracotta":1104,"minecraft:acacia_slab":4,"minecraft:coal":413},"minecraft:killed_by":{"minecraft:creeper":1,"minecraft:ravager":1,"minecraft:vindicator":1,"minecraft:zombie":1,"minecraft:vex":1,"minecraft:player":3,"minecraft:spider":1},"minecraft:killed":{"minecraft:cave_spider":1,"minecraft:witch":3,"minecraft:spider":4,"minecraft:skeleton":18,"minecraft:magma_cube":16,"minecraft:piglin":15,"minecraft:pig":1,"minecraft:salmon":131,"minecraft:creeper":7,"minecraft:sheep":5,"minecraft:pillager":11,"minecraft:zombie":42,"minecraft:ghast":1,"minecraft:cow":9,"minecraft:vex":5,"minecraft:evoker":1,"minecraft:armadillo":2,"minecraft:vindicator":2,"minecraft:phantom":12,"minecraft:drowned":4,"minecraft:husk":1,"minecraft:rabbit":4,"minecraft:ravager":2},"minecraft:custom":{"minecraft:animals_bred":5,"minecraft:interact_with_crafting_table":122,"minecraft:bell_ring":13,"minecraft:leave_game":22,"minecraft:time_since_death":91088,"minecraft:sprint_one_cm":2290622,"minecraft:damage_blocked_by_shield":7029,"minecraft:drop":157,"minecraft:talked_to_villager":243,"minecraft:play_time":948687,"minecraft:deaths":10,"minecraft:jump":17905,"minecraft:walk_on_water_one_cm":89496,"minecraft:interact_with_furnace":135,"minecraft:traded_with_villager":339,"minecraft:interact_with_loom":2,"minecraft:sleep_in_bed":21,"minecraft:damage_dealt":33555,"minecraft:player_kills":4,"minecraft:crouch_one_cm":87396,"minecraft:interact_with_smoker":3,"minecraft:horse_one_cm":520,"minecraft:mob_kills":323,"minecraft:climb_one_cm":29303,"minecraft:walk_one_cm":2416715,"minecraft:raid_win":1,"minecraft:sneak_time":31125,"minecraft:walk_under_water_one_cm":106446,"minecraft:boat_one_cm":38029,"minecraft:interact_with_blast_furnace":51,"minecraft:total_world_time":948687,"minecraft:time_since_rest":27441,"minecraft:damage_absorbed":40,"minecraft:damage_taken":12496,"minecraft:swim_one_cm":351192,"minecraft:fly_one_cm":3165399,"minecraft:open_chest":478,"minecraft:fall_one_cm":470730},"minecraft:used":{"minecraft:red_sand":2,"minecraft:iron_shovel":204,"minecraft:chest":12,"minecraft:white_terracotta":235,"minecraft:shield":99,"minecraft:iron_sword":237,"minecraft:smooth_sandstone_stairs":15,"minecraft:rotten_flesh":28,"minecraft:jungle_planks":1,"minecraft:acacia_sapling":66,"minecraft:tuff":6,"minecraft:obsidian":10,"minecraft:jungle_sapling":9,"minecraft:glass":1,"minecraft:lava_bucket":15,"minecraft:quartz_slab":433,"minecraft:birch_sapling":12,"minecraft:golden_sword":4,"minecraft:bow":22,"minecraft:oak_sapling":14,"minecraft:furnace":12,"minecraft:acacia_fence":1,"minecraft:egg":12,"minecraft:stripped_acacia_log":4,"minecraft:stone_pickaxe":262,"minecraft:oak_planks":271,"minecraft:jungle_fence":7,"minecraft:cactus":1,"minecraft:wooden_pickaxe":55,"minecraft:sandstone":14,"minecraft:diamond_axe":2135,"minecraft:golden_apple":1,"minecraft:sand":221,"minecraft:loom":2,"minecraft:blast_furnace":3,"minecraft:light_gray_terracotta":6,"minecraft:bread":16,"minecraft:stone_button":3,"minecraft:gravel":4,"minecraft:cooked_rabbit":2,"minecraft:andesite":57,"minecraft:chest_minecart":2,"minecraft:bone_meal":2,"minecraft:granite_stairs":2,"minecraft:acacia_log":163,"minecraft:cooked_salmon":143,"minecraft:netherrack":76,"minecraft:torch":70,"minecraft:dirt":76,"minecraft:salmon_bucket":2,"minecraft:granite":1,"minecraft:birch_door":2,"minecraft:bamboo_fence":22,"minecraft:iron_axe":237,"minecraft:oak_stairs":49,"minecraft:acacia_slab":52,"minecraft:smooth_sandstone":51,"minecraft:jungle_log":49,"minecraft:iron_boots":1,"minecraft:bamboo":148,"minecraft:cooked_beef":16,"minecraft:acacia_planks":5,"minecraft:orange_terracotta":17,"minecraft:bamboo_planks":829,"minecraft:acacia_boat":6,"minecraft:water_bucket":53,"minecraft:sandstone_stairs":55,"minecraft:rabbit":1,"minecraft:birch_planks":1,"minecraft:cut_sandstone":24,"minecraft:cauldron":1,"minecraft:green_bed":3,"minecraft:rail":2,"minecraft:terracotta":382,"minecraft:oak_slab":2,"minecraft:crafting_table":17,"minecraft:bamboo_block":3,"minecraft:smoker":3,"minecraft:diamond_pickaxe":3760,"minecraft:acacia_stairs":56,"minecraft:stripped_jungle_log":3,"minecraft:iron_pickaxe":527,"minecraft:stone_axe":77,"minecraft:cobblestone":295,"minecraft:potion":1,"minecraft:jungle_door":5,"minecraft:cooked_porkchop":4,"minecraft:bucket":71,"minecraft:sandstone_slab":1,"minecraft:glass_pane":98,"minecraft:sea_pickle":2},"minecraft:broken":{"minecraft:iron_shovel":2,"minecraft:golden_boots":1,"minecraft:stone_pickaxe":2,"minecraft:diamond_pickaxe":2,"minecraft:stone_axe":1,"minecraft:wooden_pickaxe":1,"minecraft:shield":2,"minecraft:diamond_axe":1,"minecraft:iron_axe":2,"minecraft:iron_pickaxe":2,"minecraft:iron_helmet":1}},"DataVersion":3953}